/*
SQLyog Ultimate v12.4.1 (64 bit)
MySQL - 10.1.30-MariaDB : Database - db_guest-app
*********************************************************************
*/

/*!40101 SET NAMES utf8 */;

/*!40101 SET SQL_MODE=''*/;

/*!40014 SET @OLD_UNIQUE_CHECKS=@@UNIQUE_CHECKS, UNIQUE_CHECKS=0 */;
/*!40014 SET @OLD_FOREIGN_KEY_CHECKS=@@FOREIGN_KEY_CHECKS, FOREIGN_KEY_CHECKS=0 */;
/*!40101 SET @OLD_SQL_MODE=@@SQL_MODE, SQL_MODE='NO_AUTO_VALUE_ON_ZERO' */;
/*!40111 SET @OLD_SQL_NOTES=@@SQL_NOTES, SQL_NOTES=0 */;
CREATE DATABASE /*!32312 IF NOT EXISTS*/`db_guest-app` /*!40100 DEFAULT CHARACTER SET latin1 */;

/*Table structure for table `guest_arrive` */

DROP TABLE IF EXISTS `guest_arrive`;

CREATE TABLE `guest_arrive` (
  `arrive_id` int(10) NOT NULL AUTO_INCREMENT,
  `invite_id` int(10) NOT NULL,
  `arrive_date` date NOT NULL,
  `arrive_time` time NOT NULL,
  `arrive_count` int(5) NOT NULL DEFAULT '0' COMMENT 'Jumlah Datang',
  `arrive_update` datetime NOT NULL,
  PRIMARY KEY (`arrive_id`),
  KEY `invite_id` (`invite_id`),
  KEY `arrival_time` (`arrive_time`),
  CONSTRAINT `guest_arrive_ibfk_1` FOREIGN KEY (`invite_id`) REFERENCES `guest_invite` (`invite_id`)
) ENGINE=InnoDB AUTO_INCREMENT=5 DEFAULT CHARSET=latin1;

/*Data for the table `guest_arrive` */

insert  into `guest_arrive`(`arrive_id`,`invite_id`,`arrive_date`,`arrive_time`,`arrive_count`,`arrive_update`) values 
(1,708,'2018-08-03','20:13:10',0,'2018-08-03 20:13:10'),
(2,709,'2018-08-03','20:13:38',0,'2018-08-03 20:13:38'),
(3,1,'2018-08-03','20:35:26',0,'2018-08-03 20:35:26'),
(4,8,'2018-08-03','21:06:59',0,'2018-08-03 21:06:59');

/*Table structure for table `guest_family` */

DROP TABLE IF EXISTS `guest_family`;

CREATE TABLE `guest_family` (
  `family_id` int(10) NOT NULL AUTO_INCREMENT,
  `family_name` varchar(100) NOT NULL,
  `family_gender` enum('Laki-Laki','Perempuan','-') NOT NULL DEFAULT '-',
  `family_address` varchar(100) DEFAULT NULL,
  `family_phone` varchar(13) DEFAULT NULL,
  `family_update` datetime NOT NULL,
  PRIMARY KEY (`family_id`)
) ENGINE=InnoDB AUTO_INCREMENT=1031 DEFAULT CHARSET=latin1;

/*Data for the table `guest_family` */

insert  into `guest_family`(`family_id`,`family_name`,`family_gender`,`family_address`,`family_phone`,`family_update`) values 
(1,'BU NYAI MASLICHAH','Laki-Laki','KUDUS',NULL,'2018-08-03 18:44:00'),
(2,'H. MAHMUDI SEKELUARGA','Laki-Laki','KUDUS',NULL,'2018-08-03 18:44:00'),
(3,'H.SUTARTO SEKELUARGA','Laki-Laki','KUDUS',NULL,'2018-08-03 18:44:00'),
(4,'H.NORHALIM SEKALIAN','Laki-Laki','KUDUS',NULL,'2018-08-03 18:44:00'),
(5,'HJ.ZULAICHAH','Laki-Laki','KUDUS',NULL,'2018-08-03 18:44:00'),
(6,'HJ.ELSE WARDAH','Laki-Laki','KUDUS',NULL,'2018-08-03 18:44:00'),
(7,'K.H ABDUL MUCHID','Laki-Laki','KUDUS',NULL,'2018-08-03 18:44:00'),
(8,'H.SUCIPTO SEKELUARGA','Laki-Laki','KUDUS',NULL,'2018-08-03 18:44:00'),
(9,'H.AHMAD AHADI SEKELUARGA','Laki-Laki','KUDUS',NULL,'2018-08-03 18:44:00'),
(10,'H.BURHANUDIN SEKELUARGA','Laki-Laki','KUDUS',NULL,'2018-08-03 18:44:00'),
(11,'ADI SETYARTA SEKELUARGA','Laki-Laki','KUDUS',NULL,'2018-08-03 18:44:00'),
(12,'H.LUQMAN HAKIM SEKELUARGA','Laki-Laki','KUDUS',NULL,'2018-08-03 18:44:00'),
(13,'MAS FAD SEKELUARGA','Laki-Laki','KUDUS',NULL,'2018-08-03 18:44:00'),
(14,'ARI WISONO SEKELUARGA','Laki-Laki','KUDUS',NULL,'2018-08-03 18:44:00'),
(15,'TARIYANTI SEKELUARGA','Laki-Laki','KUDUS',NULL,'2018-08-03 18:44:00'),
(16,'H.KARTONO SEKALIAN','Laki-Laki','KUDUS',NULL,'2018-08-03 18:44:00'),
(17,'H.NURUDDIN SEKELUARGA','Laki-Laki','KUDUS',NULL,'2018-08-03 18:44:00'),
(18,'H.FAIZUN SEKELUARGA','Laki-Laki','KUDUS',NULL,'2018-08-03 18:44:00'),
(19,'H.SLAMET ZAENURI SEKELUARGA','Laki-Laki','KUDUS',NULL,'2018-08-03 18:44:00'),
(20,'H.ULIL MAULA HIMAWAN SEKEL','Laki-Laki','KUDUS',NULL,'2018-08-03 18:44:00'),
(21,'MUHAMMAD FADHOL SEKEL','Laki-Laki','KUDUS',NULL,'2018-08-03 18:44:00'),
(22,'FATCHUR ROZAK SEKELUARGA','Laki-Laki','KUDUS',NULL,'2018-08-03 18:44:00'),
(23,'HJ.SITI ASMARI','Laki-Laki','KUDUS',NULL,'2018-08-03 18:44:00'),
(24,'ACHMAD TOTOK HARNOTO','Laki-Laki','KUDUS',NULL,'2018-08-03 18:44:00'),
(25,'SITI ARIFAH','Laki-Laki','KUDUS',NULL,'2018-08-03 18:44:00'),
(26,'SITI ASTUTI','Laki-Laki','KUDUS',NULL,'2018-08-03 18:44:00'),
(27,'ACHMAD ARIFIN SEKALIAN','Laki-Laki','KUDUS',NULL,'2018-08-03 18:44:00'),
(28,'MBAK IFA DAN ADEK KEMBAR','Laki-Laki','KUDUS',NULL,'2018-08-03 18:44:00'),
(29,'H.HASAN SEKELUARGA','Laki-Laki','KUDUS',NULL,'2018-08-03 18:44:00'),
(30,'HJ.ESTIANAH SEKELUARGA','Laki-Laki','KUDUS',NULL,'2018-08-03 18:44:00'),
(31,'H.FAUZAN SEKALIAN','Laki-Laki','KUDUS',NULL,'2018-08-03 18:44:00'),
(32,'HJ.TITIK NURZULA','Laki-Laki','KUDUS',NULL,'2018-08-03 18:44:00'),
(33,'KASMITO SEKALIAN','Laki-Laki','KUDUS',NULL,'2018-08-03 18:44:00'),
(34,'SUTAMAN SEKALIAN','Laki-Laki','KUDUS',NULL,'2018-08-03 18:44:00'),
(35,'H.ADIB AMINUDIN. SE, MM','Laki-Laki','KUDUS',NULL,'2018-08-03 18:44:00'),
(36,'H.FIRDA FIRDAUSI. SE, MM','Laki-Laki','KUDUS',NULL,'2018-08-03 18:44:00'),
(37,'WACHYUDIN ACHSAN, ST','Laki-Laki','KUDUS',NULL,'2018-08-03 18:44:00'),
(38,'H. WACHIDI AKROM, ST','Laki-Laki','KUDUS',NULL,'2018-08-03 18:44:00'),
(39,'MUCHAMAD RIZAL, AMD','Laki-Laki','KUDUS',NULL,'2018-08-03 18:44:00'),
(40,'IBU HJ.SAIDAH NOOR','Laki-Laki','KUDUS',NULL,'2018-08-03 18:44:00'),
(41,'H. ACHSIN SEKALIAN','Laki-Laki','KUDUS',NULL,'2018-08-03 18:44:00'),
(42,'H. HERMAN PURNOMO','Laki-Laki','KUDUS',NULL,'2018-08-03 18:44:00'),
(43,'H. SAID WIBISONO','Laki-Laki','KUDUS',NULL,'2018-08-03 18:44:00'),
(44,'H. FACHRI YUSUF','Laki-Laki','KUDUS',NULL,'2018-08-03 18:44:00'),
(45,'H.DR. ALI MARSUDI, SP. A','Laki-Laki','KUDUS',NULL,'2018-08-03 18:44:00'),
(46,'H. IR MUHAMMAD TAMZIL','Laki-Laki','KUDUS',NULL,'2018-08-03 18:44:00'),
(47,'H. M .HARTOPO . ST, MM','Laki-Laki','KUDUS',NULL,'2018-08-03 18:44:00'),
(48,'H. HARIYANTO','Laki-Laki','KUDUS',NULL,'2018-08-03 18:44:00'),
(49,'AKBP AGUSMAN GURNING','Laki-Laki','KUDUS',NULL,'2018-08-03 18:44:00'),
(50,'KOMPOL M.RIDWAN','Laki-Laki','KUDUS',NULL,'2018-08-03 18:44:00'),
(51,'KOMPOL CAHYO','Laki-Laki','KUDUS',NULL,'2018-08-03 18:44:00'),
(52,'K.H ULIL ALBAB ARWANI','Laki-Laki','KUDUS',NULL,'2018-08-03 18:44:00'),
(53,'K.H ULIN NUHA ARWANI','Laki-Laki','KUDUS',NULL,'2018-08-03 18:44:00'),
(54,'K.H MAKSUM AK','Laki-Laki','KUDUS',NULL,'2018-08-03 18:44:00'),
(55,'H. SUKISMAN','Laki-Laki','KUDUS',NULL,'2018-08-03 18:44:00'),
(56,'DR. H RIBEKAN MKES','Laki-Laki','KUDUS',NULL,'2018-08-03 18:44:00'),
(57,'H.MAIMUN','Laki-Laki','KUDUS',NULL,'2018-08-03 18:44:00'),
(58,'H. M. ROGHIB','Laki-Laki','KUDUS',NULL,'2018-08-03 18:44:00'),
(59,'HJ.KHUSNIAH','Laki-Laki','KUDUS',NULL,'2018-08-03 18:44:00'),
(60,'H M ALI AKHMADI','Laki-Laki','KUDUS',NULL,'2018-08-03 18:44:00'),
(61,'AGUS PURNOMO','Laki-Laki','KUDUS',NULL,'2018-08-03 18:44:00'),
(62,'UBABUL ARIF SE','Laki-Laki','KUDUS',NULL,'2018-08-03 18:44:00'),
(63,'DR H AZIZ SOLEH','Laki-Laki','KUDUS',NULL,'2018-08-03 18:44:00'),
(64,'PRAMUJI','Laki-Laki','KUDUS',NULL,'2018-08-03 18:44:00'),
(65,'AHMAD NASIR','Laki-Laki','KUDUS',NULL,'2018-08-03 18:44:00'),
(66,'H AGUS KUSTORO','Laki-Laki','KUDUS',NULL,'2018-08-03 18:44:00'),
(67,'AIZAH ISAFITRI','Laki-Laki','KUDUS',NULL,'2018-08-03 18:44:00'),
(68,'H MUSAFAK','Laki-Laki','KUDUS',NULL,'2018-08-03 18:44:00'),
(69,'UMI KULSUM','Laki-Laki','KUDUS',NULL,'2018-08-03 18:44:00'),
(70,'INNA KHAMDANAH','Laki-Laki','KUDUS',NULL,'2018-08-03 18:44:00'),
(71,'BP JUMADI','Laki-Laki','KUDUS',NULL,'2018-08-03 18:44:00'),
(72,'PAK MAT','Laki-Laki','KUDUS',NULL,'2018-08-03 18:44:00'),
(73,'PAK DARTO','Laki-Laki','KUDUS',NULL,'2018-08-03 18:44:00'),
(74,'KOMSATUN','Laki-Laki','KUDUS',NULL,'2018-08-03 18:44:00'),
(75,'LUKMAN HAKIM','Laki-Laki','KUDUS',NULL,'2018-08-03 18:44:00'),
(76,'DRG DYASWARA TITUK AJENG','Laki-Laki','KUDUS',NULL,'2018-08-03 18:44:00'),
(77,'DRG DYAH ENGGAR W','Laki-Laki','KUDUS',NULL,'2018-08-03 18:44:00'),
(78,'DRG NABILA','Laki-Laki','KUDUS',NULL,'2018-08-03 18:44:00'),
(79,'H. ZAINURI','Laki-Laki','KUDUS',NULL,'2018-08-03 18:44:00'),
(80,'H IRFAN','Laki-Laki','KUDUS',NULL,'2018-08-03 18:44:00'),
(81,'H. MARSYAHID','Laki-Laki','KUDUS',NULL,'2018-08-03 18:44:00'),
(82,'K. SOBRI','Laki-Laki','KUDUS',NULL,'2018-08-03 18:44:00'),
(83,'AGUNG WIDODO','Laki-Laki','KUDUS',NULL,'2018-08-03 18:44:00'),
(84,'BAMBANG','Laki-Laki','KUDUS',NULL,'2018-08-03 18:44:00'),
(85,'BU NOOR WACHIDAH','Laki-Laki','KUDUS',NULL,'2018-08-03 18:44:00'),
(86,'MBAK RIKA','Laki-Laki','KUDUS',NULL,'2018-08-03 18:44:00'),
(87,'IBU HJ.MUNKHAIROH','Laki-Laki','KUDUS',NULL,'2018-08-03 18:44:00'),
(88,'HJ.HERMINI TAFTA YANI','Laki-Laki','KUDUS',NULL,'2018-08-03 18:44:00'),
(89,'H.BAMBANG SEKALIAN','Laki-Laki','KUDUS',NULL,'2018-08-03 18:44:00'),
(90,'HARMOKO PANCA PUTRA','Laki-Laki','KUDUS',NULL,'2018-08-03 18:44:00'),
(91,'ROMI','Laki-Laki','KUDUS',NULL,'2018-08-03 18:44:00'),
(92,'H.JUPRIADI SEKELUARGA','Laki-Laki','KUDUS',NULL,'2018-08-03 18:44:00'),
(93,'MUKHLIS SEKALIAN','Laki-Laki','KUDUS',NULL,'2018-08-03 18:44:00'),
(94,'HUDA SEKALIAN','Laki-Laki','KUDUS',NULL,'2018-08-03 18:44:00'),
(95,'YUYUN SEKALIAN','Laki-Laki','KUDUS',NULL,'2018-08-03 18:44:00'),
(96,'BULEK SRI SEKELUARGA','Laki-Laki','KUDUS',NULL,'2018-08-03 18:44:00'),
(97,'BULEK TUTIK','Laki-Laki','KUDUS',NULL,'2018-08-03 18:44:00'),
(98,'ISTI INDRIANI SEKALIAN','Laki-Laki','KUDUS',NULL,'2018-08-03 18:44:00'),
(99,'WINARTI SEKALIAN','Laki-Laki','KUDUS',NULL,'2018-08-03 18:44:00'),
(100,'ZULFA ZUNIARTI SEKALIAN','Laki-Laki','KUDUS',NULL,'2018-08-03 18:44:00'),
(101,'AMINATUN SEKALIAN','Laki-Laki','KUDUS',NULL,'2018-08-03 18:44:00'),
(102,'LEK QOSIM','Laki-Laki','KUDUS',NULL,'2018-08-03 18:44:00'),
(103,'ZUSRONI SEKALIAN','Laki-Laki','KUDUS',NULL,'2018-08-03 18:44:00'),
(104,'NANIK SEKALIAN','Laki-Laki','KUDUS',NULL,'2018-08-03 18:44:00'),
(105,'MUNANDIFAH','Laki-Laki','KUDUS',NULL,'2018-08-03 18:44:00'),
(106,'SATONAH','Laki-Laki','KUDUS',NULL,'2018-08-03 18:44:00'),
(107,'KARSIH','Laki-Laki','KUDUS',NULL,'2018-08-03 18:44:00'),
(108,'TUROEKHAN SEKALIAN','Laki-Laki','KUDUS',NULL,'2018-08-03 18:44:00'),
(109,'AHMAD ROZAQ SEKALIAN','Laki-Laki','KUDUS',NULL,'2018-08-03 18:44:00'),
(110,'ANTON SEKALIAN','Laki-Laki','KUDUS',NULL,'2018-08-03 18:44:00'),
(111,'SONI HARSONO SEKALIAN','Laki-Laki','KUDUS',NULL,'2018-08-03 18:44:00'),
(112,'CHANIF FAUZAN','Laki-Laki','KUDUS',NULL,'2018-08-03 18:44:00'),
(113,'ALI ZAMRONI SEKALIAN','Laki-Laki','KUDUS',NULL,'2018-08-03 18:44:00'),
(114,'ROFIQ ALI SEKALIAN','Laki-Laki','KUDUS',NULL,'2018-08-03 18:44:00'),
(115,'FERRY','Laki-Laki','KUDUS',NULL,'2018-08-03 18:44:00'),
(116,'ZAQIATUN NI\'AM SEKALIAN','Laki-Laki','KUDUS',NULL,'2018-08-03 18:44:00'),
(117,'KHOTMUNNAFI\' SEKALIAN','Laki-Laki','KUDUS',NULL,'2018-08-03 18:44:00'),
(118,'KUSTIYAH/ MAS AKUNG','Laki-Laki','KUDUS',NULL,'2018-08-03 18:44:00'),
(119,'BULEK MIYATI SEKELUARGA','Laki-Laki','KUDUS',NULL,'2018-08-03 18:44:00'),
(120,'MILA SEKALIAN','Laki-Laki','KUDUS',NULL,'2018-08-03 18:44:00'),
(121,'HJ.HINDUN','Laki-Laki','KUDUS',NULL,'2018-08-03 18:44:00'),
(122,'NOR IZAH','Laki-Laki','KUDUS',NULL,'2018-08-03 18:44:00'),
(123,'NOR KHOLIQ','Laki-Laki','KUDUS',NULL,'2018-08-03 18:44:00'),
(124,'SOLEKHAN','Laki-Laki','KUDUS',NULL,'2018-08-03 18:44:00'),
(125,'SRIDATEN','Laki-Laki','KUDUS',NULL,'2018-08-03 18:44:00'),
(126,'NOOR IZAH SEKELUARGA','Laki-Laki','KUDUS',NULL,'2018-08-03 18:44:00'),
(127,'DEK VINA SEKALIAN','Laki-Laki','KUDUS',NULL,'2018-08-03 18:44:00'),
(128,'EKO HARIYANTO','Laki-Laki','KUDUS',NULL,'2018-08-03 18:44:00'),
(129,'HANIT TOHARI','Laki-Laki','KUDUS',NULL,'2018-08-03 18:44:00'),
(130,'ARIS SANTOSO SEKELUARGA','Laki-Laki','KUDUS',NULL,'2018-08-03 18:44:00'),
(131,'BUDHE TUN','Laki-Laki','KUDUS',NULL,'2018-08-03 18:44:00'),
(132,'PAK DHE ZURI','Laki-Laki','KUDUS',NULL,'2018-08-03 18:44:00'),
(133,'PAK DHE TO','Laki-Laki','KUDUS',NULL,'2018-08-03 18:44:00'),
(134,'MAS LILIK ISTRI','Laki-Laki','KUDUS',NULL,'2018-08-03 18:44:00'),
(135,'MAS KHANAFI','Laki-Laki','KUDUS',NULL,'2018-08-03 18:44:00'),
(136,'MOCH ALIMIN','Laki-Laki','KUDUS',NULL,'2018-08-03 18:44:00'),
(137,'MOCH KHOIRONI','Laki-Laki','KUDUS',NULL,'2018-08-03 18:44:00'),
(138,'ACHMAD FATONI','Laki-Laki','KUDUS',NULL,'2018-08-03 18:44:00'),
(139,'NURUL DARMAWATI','Laki-Laki','KUDUS',NULL,'2018-08-03 18:44:00'),
(140,'SITI LASTUTI','Laki-Laki','KUDUS',NULL,'2018-08-03 18:44:00'),
(141,'AGUS PURWANTO','Laki-Laki','KUDUS',NULL,'2018-08-03 18:44:00'),
(142,'BAMBANG SETYOBUDI','Laki-Laki','KUDUS',NULL,'2018-08-03 18:44:00'),
(143,'HJ.KHODRIYATUN','Laki-Laki','KUDUS',NULL,'2018-08-03 18:44:00'),
(144,'KHOTIBUL UMAM','Laki-Laki','KUDUS',NULL,'2018-08-03 18:44:00'),
(145,'H.HARTOYO','Laki-Laki','KUDUS',NULL,'2018-08-03 18:44:00'),
(146,'AULIA FATMA AMALINA','Laki-Laki','KUDUS',NULL,'2018-08-03 18:44:00'),
(147,'H.ASROFI','Laki-Laki','KUDUS',NULL,'2018-08-03 18:44:00'),
(148,'PURWANI','Laki-Laki','KUDUS',NULL,'2018-08-03 18:44:00'),
(149,'NURHADI','Laki-Laki','KUDUS',NULL,'2018-08-03 18:44:00'),
(150,'MOH. SODIQIN','Laki-Laki','KUDUS',NULL,'2018-08-03 18:44:00'),
(151,'H.ROSYID','Laki-Laki','KUDUS',NULL,'2018-08-03 18:44:00'),
(152,'BAMBANG','Laki-Laki','KUDUS',NULL,'2018-08-03 18:44:00'),
(153,'ABDUL  MALIK','Laki-Laki','KUDUS',NULL,'2018-08-03 18:44:00'),
(154,'MOCH KAMIRAN/LEK TUN','Laki-Laki','KUDUS',NULL,'2018-08-03 18:44:00'),
(155,'KAYATUN','Laki-Laki','KUDUS',NULL,'2018-08-03 18:44:00'),
(156,'NURYATI','Laki-Laki','KUDUS',NULL,'2018-08-03 18:44:00'),
(157,'H.ARIS WURYANTO','Laki-Laki','KUDUS',NULL,'2018-08-03 18:44:00'),
(158,'SUJUDI','Laki-Laki','KUDUS',NULL,'2018-08-03 18:44:00'),
(159,'SAMINAH','Laki-Laki','KUDUS',NULL,'2018-08-03 18:44:00'),
(160,'SUPARMAN','Laki-Laki','KUDUS',NULL,'2018-08-03 18:44:00'),
(161,'MASRIKAN SEKALIAN','Laki-Laki','KUDUS',NULL,'2018-08-03 18:44:00'),
(162,'MIFTAKHUL HUDA','Laki-Laki','KUDUS','009090','2018-08-03 20:37:03'),
(163,'AGUS SETIAWAN SEKALIAN','Laki-Laki','KUDUS',NULL,'2018-08-03 18:44:00'),
(164,'NOR RIKA SANTI','Laki-Laki','KUDUS',NULL,'2018-08-03 18:44:00'),
(165,'BP. PAIMIN','Laki-Laki','KUDUS',NULL,'2018-08-03 18:44:00'),
(166,'MASRI\'AH,SA\'IDAH','Laki-Laki','KUDUS',NULL,'2018-08-03 18:44:00'),
(167,'FAIZAH SEKALIAN','Laki-Laki','KUDUS',NULL,'2018-08-03 18:44:00'),
(168,'H.NOOR FAEQ SEKALIAN','Laki-Laki','KUDUS',NULL,'2018-08-03 18:44:00'),
(169,'SHOFA SEKALIAN','Laki-Laki','KUDUS',NULL,'2018-08-03 18:44:00'),
(170,'MUN\'IM SEKALIAN','Laki-Laki','KUDUS',NULL,'2018-08-03 18:44:00'),
(171,'CHUSNUL SEKALIAN','Laki-Laki','KUDUS',NULL,'2018-08-03 18:44:00'),
(172,'H. ROZAQ SEKALIAN','Laki-Laki','KUDUS',NULL,'2018-08-03 18:44:00'),
(173,'MAS AFID SEKALIAN','Laki-Laki','KUDUS',NULL,'2018-08-03 18:44:00'),
(174,'DHE PASINI SEKALIAN','Laki-Laki','KUDUS',NULL,'2018-08-03 18:44:00'),
(175,'NGATINAH SEKALIAN','Laki-Laki','KUDUS',NULL,'2018-08-03 18:44:00'),
(176,'JONI SEKALIAN','Laki-Laki','KUDUS',NULL,'2018-08-03 18:44:00'),
(177,'SLAMET RIYADI SEKALIAN','Laki-Laki','KUDUS',NULL,'2018-08-03 18:44:00'),
(178,'MAS ARIFIN SEKELUARGA','Laki-Laki','KUDUS',NULL,'2018-08-03 18:44:00'),
(179,'K.H MA\'RUF LC','Laki-Laki','KUDUS',NULL,'2018-08-03 18:44:00'),
(180,'ALWI THOHIR BA\'AGIL','Laki-Laki','KUDUS',NULL,'2018-08-03 18:44:00'),
(181,'H. YUDO','Laki-Laki','KUDUS',NULL,'2018-08-03 18:44:00'),
(182,'H. AFIF','Laki-Laki','KUDUS',NULL,'2018-08-03 18:44:00'),
(183,'BP. EDI KOMBOR','Laki-Laki','KUDUS',NULL,'2018-08-03 18:44:00'),
(184,'AKBP SLAMET RIYANTO','Laki-Laki','KUDUS',NULL,'2018-08-03 18:44:00'),
(185,'ABDUL HALIL','Laki-Laki','KUDUS',NULL,'2018-08-03 18:44:00'),
(186,'HENDRO MARTOYO','Laki-Laki','KUDUS',NULL,'2018-08-03 18:44:00'),
(187,'BP. CATUR','Laki-Laki','KUDUS',NULL,'2018-08-03 18:44:00'),
(188,'EDI KODIM','Laki-Laki','KUDUS',NULL,'2018-08-03 18:44:00'),
(189,'K.H SHODIQUN','Laki-Laki','KUDUS',NULL,'2018-08-03 18:44:00'),
(190,'BP. SUTRIS LSM','Laki-Laki','KUDUS',NULL,'2018-08-03 18:44:00'),
(191,'MAS NAJIB','Laki-Laki','KUDUS',NULL,'2018-08-03 18:44:00'),
(192,'BP. BADI PETINGGI','Laki-Laki','KUDUS',NULL,'2018-08-03 18:44:00'),
(193,'BP. ASMANI','Laki-Laki','KUDUS',NULL,'2018-08-03 18:44:00'),
(194,'BP. RONI','Laki-Laki','KUDUS',NULL,'2018-08-03 18:44:00'),
(195,'BP. TOMY','Laki-Laki','KUDUS',NULL,'2018-08-03 18:44:00'),
(196,'BP. ANDREAS CAMAT JATI','Laki-Laki','KUDUS',NULL,'2018-08-03 18:44:00'),
(197,'BP. DODON','Laki-Laki','KUDUS',NULL,'2018-08-03 18:44:00'),
(198,'H.NURUL FURQON','Laki-Laki','KUDUS',NULL,'2018-08-03 18:44:00'),
(199,'MAS SISWANTO','Laki-Laki','KUDUS',NULL,'2018-08-03 18:44:00'),
(200,'BP. SAMANI INTAKORIS','Laki-Laki','KUDUS',NULL,'2018-08-03 18:44:00'),
(201,'H. ULWAN','Laki-Laki','KUDUS',NULL,'2018-08-03 18:44:00'),
(202,'H. DARUS','Laki-Laki','KUDUS',NULL,'2018-08-03 18:44:00'),
(203,'MAS PARNO','Laki-Laki','KUDUS',NULL,'2018-08-03 18:44:00'),
(204,'IPTU CIPTO','Laki-Laki','KUDUS',NULL,'2018-08-03 18:44:00'),
(205,'AKP BAMBANG KAPOLSEK','Laki-Laki','KUDUS',NULL,'2018-08-03 18:44:00'),
(206,'AKP EKO RUBIYANTO','Laki-Laki','KUDUS',NULL,'2018-08-03 18:44:00'),
(207,'AKP MULYONO. SH','Laki-Laki','KUDUS',NULL,'2018-08-03 18:44:00'),
(208,'AKBP FAJAR','Laki-Laki','KUDUS',NULL,'2018-08-03 18:44:00'),
(209,'H. HERIS PARYONO','Laki-Laki','KUDUS',NULL,'2018-08-03 18:44:00'),
(210,'H. SUGIYANTO SKM','Laki-Laki','KUDUS',NULL,'2018-08-03 18:44:00'),
(211,'SAGIMAN','Laki-Laki','KUDUS',NULL,'2018-08-03 18:44:00'),
(212,'SULHADI','Laki-Laki','KUDUS',NULL,'2018-08-03 18:44:00'),
(213,'HANDIK/BU CIK','Laki-Laki','KUDUS',NULL,'2018-08-03 18:44:00'),
(214,'MAS YUS','Laki-Laki','KUDUS',NULL,'2018-08-03 18:44:00'),
(215,'MAS ATAQI','Laki-Laki','KUDUS',NULL,'2018-08-03 18:44:00'),
(216,'GUNAWAN','Laki-Laki','KUDUS',NULL,'2018-08-03 18:44:00'),
(217,'SANTOSO','Laki-Laki','KUDUS',NULL,'2018-08-03 18:44:00'),
(218,'GITO','Laki-Laki','KUDUS',NULL,'2018-08-03 18:44:00'),
(219,'SHODIQ','Laki-Laki','KUDUS',NULL,'2018-08-03 18:44:00'),
(220,'MAKSUM BERMI','Laki-Laki','KUDUS',NULL,'2018-08-03 18:44:00'),
(221,'WIDODO','Laki-Laki','KUDUS',NULL,'2018-08-03 18:44:00'),
(222,'ARIF','Laki-Laki','KUDUS',NULL,'2018-08-03 18:44:00'),
(223,'MEI','Laki-Laki','KUDUS',NULL,'2018-08-03 18:44:00'),
(224,'MAS WARTO','Laki-Laki','KUDUS',NULL,'2018-08-03 18:44:00'),
(225,'H.BIONO','Laki-Laki','KUDUS',NULL,'2018-08-03 18:44:00'),
(226,'H.SYAFI\'I','Laki-Laki','KUDUS',NULL,'2018-08-03 18:44:00'),
(227,'H.MUSLIKH','Laki-Laki','KUDUS',NULL,'2018-08-03 18:44:00'),
(228,'H.FATKHUROHMAN','Laki-Laki','KUDUS',NULL,'2018-08-03 18:44:00'),
(229,'MAHFUDZ','Laki-Laki','KUDUS',NULL,'2018-08-03 18:44:00'),
(230,'ABDUS SHOMAD','Laki-Laki','KUDUS',NULL,'2018-08-03 18:44:00'),
(231,'SANTO','Laki-Laki','KUDUS',NULL,'2018-08-03 18:44:00'),
(232,'HERU / BU NANIK','Laki-Laki','KUDUS',NULL,'2018-08-03 18:44:00'),
(233,'K.H SYAFIUDIN','Laki-Laki','KUDUS',NULL,'2018-08-03 18:44:00'),
(234,'SISWANTO / WA','Laki-Laki','KUDUS',NULL,'2018-08-03 18:44:00'),
(235,'SALAM','Laki-Laki','KUDUS',NULL,'2018-08-03 18:44:00'),
(236,'H.SALIM','Laki-Laki','KUDUS',NULL,'2018-08-03 18:44:00'),
(237,'MASTINI','Laki-Laki','KUDUS',NULL,'2018-08-03 18:44:00'),
(238,'ASMU\'I','Laki-Laki','KUDUS',NULL,'2018-08-03 18:44:00'),
(239,'SUKAMTO','Laki-Laki','KUDUS',NULL,'2018-08-03 18:44:00'),
(240,'AMRON','Laki-Laki','KUDUS',NULL,'2018-08-03 18:44:00'),
(241,'NASUKHA','Laki-Laki','KUDUS',NULL,'2018-08-03 18:44:00'),
(242,'KACIPNO','Laki-Laki','KUDUS',NULL,'2018-08-03 18:44:00'),
(243,'WIBI MIZANI','Laki-Laki','KUDUS',NULL,'2018-08-03 18:44:00'),
(244,'GALIH SANGAJI','Laki-Laki','KUDUS',NULL,'2018-08-03 18:44:00'),
(245,'ZAKKY ISNAYADI','Laki-Laki','KUDUS',NULL,'2018-08-03 18:44:00'),
(246,'H.SUCIPTO','Laki-Laki','KUDUS',NULL,'2018-08-03 18:44:00'),
(247,'MAK DHE JAH','Laki-Laki','KUDUS',NULL,'2018-08-03 18:44:00'),
(248,'K.H MAKSUM AK','Laki-Laki','KUDUS',NULL,'2018-08-03 18:44:00'),
(249,'AHMAD BENGKEL','Laki-Laki','KUDUS',NULL,'2018-08-03 18:44:00'),
(250,'MUSTAQIM','Laki-Laki','KUDUS',NULL,'2018-08-03 18:44:00'),
(251,'SULIKHAN','Laki-Laki','KUDUS',NULL,'2018-08-03 18:44:00'),
(252,'ZAKIN','Laki-Laki','KUDUS',NULL,'2018-08-03 18:44:00'),
(253,'ASYROFI','Laki-Laki','KUDUS',NULL,'2018-08-03 18:44:00'),
(254,'SUJUD','Laki-Laki','KUDUS',NULL,'2018-08-03 18:44:00'),
(255,'LUKMAN','Laki-Laki','KUDUS',NULL,'2018-08-03 18:44:00'),
(256,'JUREMI','Laki-Laki','KUDUS',NULL,'2018-08-03 18:44:00'),
(257,'TASRIP','Laki-Laki','KUDUS',NULL,'2018-08-03 18:44:00'),
(258,'H.SUMANI','Laki-Laki','KUDUS',NULL,'2018-08-03 18:44:00'),
(259,'SADAR','Laki-Laki','KUDUS',NULL,'2018-08-03 18:44:00'),
(260,'IBU TASNAAH','Laki-Laki','KUDUS',NULL,'2018-08-03 18:44:00'),
(261,'JATMIKO','Laki-Laki','KUDUS',NULL,'2018-08-03 18:44:00'),
(262,'KARNO','Laki-Laki','KUDUS',NULL,'2018-08-03 18:44:00'),
(263,'MUSTOFA','Laki-Laki','KUDUS',NULL,'2018-08-03 18:44:00'),
(264,'GHUFRON','Laki-Laki','KUDUS',NULL,'2018-08-03 18:44:00'),
(265,'BUSRO','Laki-Laki','KUDUS',NULL,'2018-08-03 18:44:00'),
(266,'ANSOR','Laki-Laki','KUDUS',NULL,'2018-08-03 18:44:00'),
(267,'CHOIRUL ANWAR','Laki-Laki','KUDUS',NULL,'2018-08-03 18:44:00'),
(268,'SLAMET ALMA\'ARIF','Laki-Laki','KUDUS',NULL,'2018-08-03 18:44:00'),
(269,'ISLAKHUL WAFA','Laki-Laki','KUDUS',NULL,'2018-08-03 18:44:00'),
(270,'H.SUTAMIN','Laki-Laki','KUDUS',NULL,'2018-08-03 18:44:00'),
(271,'DARMANTO','Laki-Laki','KUDUS',NULL,'2018-08-03 18:44:00'),
(272,'M.HANAFI','Laki-Laki','KUDUS',NULL,'2018-08-03 18:44:00'),
(273,'ANAS','Laki-Laki','KUDUS',NULL,'2018-08-03 18:44:00'),
(274,'MUSTA\'FIF (KANG AFIF)','Laki-Laki','KUDUS',NULL,'2018-08-03 18:44:00'),
(275,'MBAK EMA','Laki-Laki','KUDUS',NULL,'2018-08-03 18:44:00'),
(276,'H.TUHARIYO','Laki-Laki','KUDUS',NULL,'2018-08-03 18:44:00'),
(277,'H.SANUSI / BU INYATI','Laki-Laki','KUDUS',NULL,'2018-08-03 18:44:00'),
(278,'K.H SHODIQ NOOR','Laki-Laki','KUDUS',NULL,'2018-08-03 18:44:00'),
(279,'H.CHAMIM','Laki-Laki','KUDUS',NULL,'2018-08-03 18:44:00'),
(280,'FATKHUROHIM','Laki-Laki','KUDUS',NULL,'2018-08-03 18:44:00'),
(281,'RISTIYANTO','Laki-Laki','KUDUS',NULL,'2018-08-03 18:44:00'),
(282,'SYAIFUDIN / IBU MUSTIFAH','Laki-Laki','KUDUS',NULL,'2018-08-03 18:44:00'),
(283,'FAKHRUL ANAM','Laki-Laki','KUDUS',NULL,'2018-08-03 18:44:00'),
(284,'H.FAHRUDDIN / IBU TIEK','Laki-Laki','KUDUS',NULL,'2018-08-03 18:44:00'),
(285,'MIFTAHUL RIZA','Laki-Laki','KUDUS',NULL,'2018-08-03 18:44:00'),
(286,'K.H SUHARTO','Laki-Laki','KUDUS',NULL,'2018-08-03 18:44:00'),
(287,'NUR WAHID','Laki-Laki','KUDUS',NULL,'2018-08-03 18:44:00'),
(288,'SAMIRAH','Laki-Laki','KUDUS',NULL,'2018-08-03 18:44:00'),
(289,'SUKARJO','Laki-Laki','KUDUS',NULL,'2018-08-03 18:44:00'),
(290,'ACHMADI','Laki-Laki','KUDUS',NULL,'2018-08-03 18:44:00'),
(291,'IMAM ABADI','Laki-Laki','KUDUS',NULL,'2018-08-03 18:44:00'),
(292,'UJIANTO','Laki-Laki','KUDUS',NULL,'2018-08-03 18:44:00'),
(293,'PRASETYO','Laki-Laki','KUDUS',NULL,'2018-08-03 18:44:00'),
(294,'PRABOWO','Laki-Laki','KUDUS',NULL,'2018-08-03 18:44:00'),
(295,'ALI MUSTA\'IN SEKALIAN','Laki-Laki','KUDUS',NULL,'2018-08-03 18:44:00'),
(296,'SUBADI SEKALIAN','Laki-Laki','KUDUS',NULL,'2018-08-03 18:44:00'),
(297,'H. SUTOYO','Laki-Laki','KUDUS',NULL,'2018-08-03 18:44:00'),
(298,'ERWIN','Laki-Laki','KUDUS',NULL,'2018-08-03 18:44:00'),
(299,'WAHYU','Laki-Laki','KUDUS',NULL,'2018-08-03 18:44:00'),
(300,'SURADJI','Laki-Laki','KUDUS',NULL,'2018-08-03 18:44:00'),
(301,'TAUFIQ CHOPER','Laki-Laki','KUDUS',NULL,'2018-08-03 18:44:00'),
(302,'SU\'UD','Laki-Laki','KUDUS',NULL,'2018-08-03 18:44:00'),
(303,'ERIS YOGA PERMANA','Laki-Laki','KUDUS',NULL,'2018-08-03 18:44:00'),
(304,'IBU KAHAR','Laki-Laki','KUDUS',NULL,'2018-08-03 18:44:00'),
(305,'IBU SUTIYONO','Laki-Laki','KUDUS',NULL,'2018-08-03 18:44:00'),
(306,'PURNOMO','Laki-Laki','KUDUS',NULL,'2018-08-03 18:44:00'),
(307,'FAIZ IZATA','Laki-Laki','KUDUS',NULL,'2018-08-03 18:44:00'),
(308,'K.H MA\'RUF/ BU MUS','Laki-Laki','KUDUS',NULL,'2018-08-03 18:44:00'),
(309,'K.H FAIDZI','Laki-Laki','KUDUS',NULL,'2018-08-03 18:44:00'),
(310,'HABIB','Laki-Laki','KUDUS',NULL,'2018-08-03 18:44:00'),
(311,'SIHAB','Laki-Laki','KUDUS',NULL,'2018-08-03 18:44:00'),
(312,'DAYAT','Laki-Laki','KUDUS',NULL,'2018-08-03 18:44:00'),
(313,'UJANG','Laki-Laki','KUDUS',NULL,'2018-08-03 18:44:00'),
(314,'H. NOOR HUDA','Laki-Laki','KUDUS',NULL,'2018-08-03 18:44:00'),
(315,'KASTUPAR','Laki-Laki','KUDUS',NULL,'2018-08-03 18:44:00'),
(316,'ACHMAD SALIM / MANDOR','Laki-Laki','KUDUS',NULL,'2018-08-03 18:44:00'),
(317,'SOFIANTO','Laki-Laki','KUDUS',NULL,'2018-08-03 18:44:00'),
(318,'FATKHAN','Laki-Laki','KUDUS',NULL,'2018-08-03 18:44:00'),
(319,'HARIYONO GYPSUM','Laki-Laki','KUDUS',NULL,'2018-08-03 18:44:00'),
(320,'ANWAR','Laki-Laki','KUDUS',NULL,'2018-08-03 18:44:00'),
(321,'WIDODO','Laki-Laki','KUDUS',NULL,'2018-08-03 18:44:00'),
(322,'IHSAN','Laki-Laki','KUDUS',NULL,'2018-08-03 18:44:00'),
(323,'HASAN ABDULLOH','Laki-Laki','KUDUS',NULL,'2018-08-03 18:44:00'),
(324,'SUTRIMAN ALM','Laki-Laki','KUDUS',NULL,'2018-08-03 18:44:00'),
(325,'SELAMET','Laki-Laki','KUDUS',NULL,'2018-08-03 18:44:00'),
(326,'NASIKUN','Laki-Laki','KUDUS',NULL,'2018-08-03 18:44:00'),
(327,'H.SUJONO','Laki-Laki','KUDUS',NULL,'2018-08-03 18:44:00'),
(328,'HJ.RUBI\' ZAENURI','Laki-Laki','KUDUS',NULL,'2018-08-03 18:44:00'),
(329,'H.ABDUL KARIM','Laki-Laki','KUDUS',NULL,'2018-08-03 18:44:00'),
(330,'SRI PURWANINGSIH','Laki-Laki','KUDUS',NULL,'2018-08-03 18:44:00'),
(331,'ABU MUSLLIM','Laki-Laki','KUDUS',NULL,'2018-08-03 18:44:00'),
(332,'AFIF','Laki-Laki','KUDUS',NULL,'2018-08-03 18:44:00'),
(333,'BADRUS','Laki-Laki','KUDUS',NULL,'2018-08-03 18:44:00'),
(334,'MILA','Laki-Laki','KUDUS',NULL,'2018-08-03 18:44:00'),
(335,'TAKIM','Laki-Laki','KUDUS',NULL,'2018-08-03 18:44:00'),
(336,'KASTURI','Laki-Laki','KUDUS',NULL,'2018-08-03 18:44:00'),
(337,'FITRI','Laki-Laki','KUDUS',NULL,'2018-08-03 18:44:00'),
(338,'UMAM','Laki-Laki','KUDUS',NULL,'2018-08-03 18:44:00'),
(339,'ALIFAH','Laki-Laki','KUDUS',NULL,'2018-08-03 18:44:00'),
(340,'ZAENAL','Laki-Laki','KUDUS',NULL,'2018-08-03 18:44:00'),
(341,'PURWADI','Laki-Laki','KUDUS',NULL,'2018-08-03 18:44:00'),
(342,'SUFI','Laki-Laki','KUDUS',NULL,'2018-08-03 18:44:00'),
(343,'SANI','Laki-Laki','KUDUS',NULL,'2018-08-03 18:44:00'),
(344,'NURUL','Laki-Laki','KUDUS',NULL,'2018-08-03 18:44:00'),
(345,'NANING','Laki-Laki','KUDUS',NULL,'2018-08-03 18:44:00'),
(346,'SYAFI\'AN','Laki-Laki','KUDUS',NULL,'2018-08-03 18:44:00'),
(347,'INA','Laki-Laki','KUDUS',NULL,'2018-08-03 18:44:00'),
(348,'SUJONO','Laki-Laki','KUDUS',NULL,'2018-08-03 18:44:00'),
(349,'UMI SALAMAH','Laki-Laki','KUDUS',NULL,'2018-08-03 18:44:00'),
(350,'KAMIL','Laki-Laki','KUDUS',NULL,'2018-08-03 18:44:00'),
(351,'MUHIBBIN','Laki-Laki','KUDUS',NULL,'2018-08-03 18:44:00'),
(352,'AHSIN','Laki-Laki','KUDUS',NULL,'2018-08-03 18:44:00'),
(353,'DEBU ELSA','Laki-Laki','KUDUS',NULL,'2018-08-03 18:44:00'),
(354,'NA\'IM','Laki-Laki','KUDUS',NULL,'2018-08-03 18:44:00'),
(355,'ROUDHOTUL AULIA','Laki-Laki','KUDUS',NULL,'2018-08-03 18:44:00'),
(356,'DEDI HIDAYAT','Laki-Laki','KUDUS',NULL,'2018-08-03 18:44:00'),
(357,'MUSTAQORI','Laki-Laki','KUDUS',NULL,'2018-08-03 18:44:00'),
(358,'GAYENG K.','Laki-Laki','KUDUS',NULL,'2018-08-03 18:44:00'),
(359,'BAKHRO','Laki-Laki','KUDUS',NULL,'2018-08-03 18:44:00'),
(360,'SUJUD','Laki-Laki','KUDUS',NULL,'2018-08-03 18:44:00'),
(361,'MAFTUKHAH','Laki-Laki','KUDUS',NULL,'2018-08-03 18:44:00'),
(362,'H.SLAMET SARIDIN','Laki-Laki','KUDUS',NULL,'2018-08-03 18:44:00'),
(363,'NYI TUN','Laki-Laki','KUDUS',NULL,'2018-08-03 18:44:00'),
(364,'JUNED','Laki-Laki','KUDUS',NULL,'2018-08-03 18:44:00'),
(365,'UMI FARICHAH','Laki-Laki','KUDUS',NULL,'2018-08-03 18:44:00'),
(366,'SUMIATUN','Laki-Laki','KUDUS',NULL,'2018-08-03 18:44:00'),
(367,'HERI','Laki-Laki','KUDUS',NULL,'2018-08-03 18:44:00'),
(368,'AMIN','Laki-Laki','KUDUS',NULL,'2018-08-03 18:44:00'),
(369,'ALIM','Laki-Laki','KUDUS',NULL,'2018-08-03 18:44:00'),
(370,'KHARIRI','Laki-Laki','KUDUS',NULL,'2018-08-03 18:44:00'),
(371,'TUGIROH','Laki-Laki','KUDUS',NULL,'2018-08-03 18:44:00'),
(372,'HASAN','Laki-Laki','KUDUS',NULL,'2018-08-03 18:44:00'),
(373,'AKP.MUKHLISIN','Laki-Laki','KUDUS',NULL,'2018-08-03 18:44:00'),
(374,'BOWO DEMAK','Laki-Laki','KUDUS',NULL,'2018-08-03 18:44:00'),
(375,'SUWARNO DISHUB','Laki-Laki','KUDUS',NULL,'2018-08-03 18:44:00'),
(376,'DR. AGUS','Laki-Laki','KUDUS',NULL,'2018-08-03 18:44:00'),
(377,'H. MASRUKIN','Laki-Laki','KUDUS',NULL,'2018-08-03 18:44:00'),
(378,'SULIS','Laki-Laki','KUDUS',NULL,'2018-08-03 18:44:00'),
(379,'ROHYATI','Laki-Laki','KUDUS',NULL,'2018-08-03 18:44:00'),
(380,'H.KOESNAN','Laki-Laki','KUDUS',NULL,'2018-08-03 18:44:00'),
(381,'MAS YOGO SEKALIAN','Laki-Laki','KUDUS',NULL,'2018-08-03 18:44:00'),
(382,'FATAH','Laki-Laki','KUDUS',NULL,'2018-08-03 18:44:00'),
(383,'NADHIROH','Laki-Laki','KUDUS',NULL,'2018-08-03 18:44:00'),
(384,'CHOLIS','Laki-Laki','KUDUS',NULL,'2018-08-03 18:44:00'),
(385,'KHOLIDAH','Laki-Laki','KUDUS',NULL,'2018-08-03 18:44:00'),
(386,'YOYOK','Laki-Laki','KUDUS',NULL,'2018-08-03 18:44:00'),
(387,'ABADI','Laki-Laki','KUDUS',NULL,'2018-08-03 18:44:00'),
(388,'HARYATI','Laki-Laki','KUDUS',NULL,'2018-08-03 18:44:00'),
(389,'SUHADI','Laki-Laki','KUDUS',NULL,'2018-08-03 18:44:00'),
(390,'SUHARTO','Laki-Laki','KUDUS',NULL,'2018-08-03 18:44:00'),
(391,'SHODIQ','Laki-Laki','KUDUS',NULL,'2018-08-03 18:44:00'),
(392,'HJ.SUGIHARTI','Laki-Laki','KUDUS',NULL,'2018-08-03 18:44:00'),
(393,'UNSA MARIANA SEKALIAN','Laki-Laki','KUDUS',NULL,'2018-08-03 18:44:00'),
(394,'MASKURI','Laki-Laki','KUDUS',NULL,'2018-08-03 18:44:00'),
(395,'NURUL/MAS KUSNO','Laki-Laki','KUDUS',NULL,'2018-08-03 18:44:00'),
(396,'BULEK YAH','Laki-Laki','KUDUS',NULL,'2018-08-03 18:44:00'),
(397,'ROIS','Laki-Laki','KUDUS',NULL,'2018-08-03 18:44:00'),
(398,'CHONIFAH','Laki-Laki','KUDUS',NULL,'2018-08-03 18:44:00'),
(399,'IBU SONHAJI','Laki-Laki','KUDUS',NULL,'2018-08-03 18:44:00'),
(400,'H.RUSLIN SEKALIAN','Laki-Laki','KUDUS',NULL,'2018-08-03 18:44:00'),
(401,'WACHID AMILUDIN','Laki-Laki','KUDUS',NULL,'2018-08-03 18:44:00'),
(402,'ADI','Laki-Laki','KUDUS',NULL,'2018-08-03 18:44:00'),
(403,'BAHARUDDIN','Laki-Laki','KUDUS',NULL,'2018-08-03 18:44:00'),
(404,'ABDULLOH MAGHFUR','Laki-Laki','KUDUS',NULL,'2018-08-03 18:44:00'),
(405,'MUTHOHAR BAEDUN','Laki-Laki','KUDUS',NULL,'2018-08-03 18:44:00'),
(406,'ARZIL AZIZ','Laki-Laki','KUDUS',NULL,'2018-08-03 18:44:00'),
(407,'DHIMAS','Laki-Laki','KUDUS',NULL,'2018-08-03 18:44:00'),
(408,'DONI SIGIT NUGROHO','Laki-Laki','KUDUS',NULL,'2018-08-03 18:44:00'),
(409,'WAHONO SEKALIAN','Laki-Laki','KUDUS',NULL,'2018-08-03 18:44:00'),
(410,'WAHYUDI SEKALIAN','Laki-Laki','KUDUS',NULL,'2018-08-03 18:44:00'),
(411,'MAS AZIZ','Laki-Laki','KUDUS',NULL,'2018-08-03 18:44:00'),
(412,'MAS OKI SEKALIAN','Laki-Laki','KUDUS',NULL,'2018-08-03 18:44:00'),
(413,'YULIANTO SEKALIAN','Laki-Laki','KUDUS',NULL,'2018-08-03 18:44:00'),
(414,'IZZAT SEKALIAN','Laki-Laki','KUDUS',NULL,'2018-08-03 18:44:00'),
(415,'ZAENAL SEKALIAN','Laki-Laki','KUDUS',NULL,'2018-08-03 18:44:00'),
(416,'DR.ANDY SEKALIAN','Laki-Laki','KUDUS',NULL,'2018-08-03 18:44:00'),
(417,'BU INDAH LYDIA','Laki-Laki','KUDUS',NULL,'2018-08-03 18:44:00'),
(418,'MAS AGUS SEKALIAN','Laki-Laki','KUDUS',NULL,'2018-08-03 18:44:00'),
(419,'MAS TAIN HARMONI','Laki-Laki','KUDUS',NULL,'2018-08-03 18:44:00'),
(420,'MBAK LENY HARMONI','Laki-Laki','KUDUS',NULL,'2018-08-03 18:44:00'),
(421,'MBAK IDA PERMATA','Laki-Laki','KUDUS',NULL,'2018-08-03 18:44:00'),
(422,'MAS TONI','Laki-Laki','KUDUS',NULL,'2018-08-03 18:44:00'),
(423,'DEFA','Laki-Laki','KUDUS',NULL,'2018-08-03 18:44:00'),
(424,'MBAK EEN HERLINA','Laki-Laki','KUDUS',NULL,'2018-08-03 18:44:00'),
(425,'MBAK ANIS','Laki-Laki','KUDUS',NULL,'2018-08-03 18:44:00'),
(426,'MBAK IKA','Laki-Laki','KUDUS',NULL,'2018-08-03 18:44:00'),
(427,'MAS EDI SEKALIAN','Laki-Laki','KUDUS',NULL,'2018-08-03 18:44:00'),
(428,'MAS DANI SEKALIAN','Laki-Laki','KUDUS',NULL,'2018-08-03 18:44:00'),
(429,'MBAK MARIA','Laki-Laki','KUDUS',NULL,'2018-08-03 18:44:00'),
(430,'MBAK NOVI','Laki-Laki','KUDUS',NULL,'2018-08-03 18:44:00'),
(431,'MARITSA','Laki-Laki','KUDUS',NULL,'2018-08-03 18:44:00'),
(432,'MBAK NURUL','Laki-Laki','KUDUS',NULL,'2018-08-03 18:44:00'),
(433,'MAS BENY','Laki-Laki','KUDUS',NULL,'2018-08-03 18:44:00'),
(434,'MAMI ELI','Laki-Laki','KUDUS',NULL,'2018-08-03 18:44:00'),
(435,'CIMOL','Laki-Laki','KUDUS',NULL,'2018-08-03 18:44:00'),
(436,'BUNDA RITA','Laki-Laki','KUDUS',NULL,'2018-08-03 18:44:00'),
(437,'MAS RUDI','Laki-Laki','KUDUS',NULL,'2018-08-03 18:44:00'),
(438,'MAS DIAN','Laki-Laki','KUDUS',NULL,'2018-08-03 18:44:00'),
(439,'EVA TYAS','Laki-Laki','KUDUS',NULL,'2018-08-03 18:44:00'),
(440,'MBAK LELA','Laki-Laki','KUDUS',NULL,'2018-08-03 18:44:00'),
(441,'MBAK WULAN','Laki-Laki','KUDUS',NULL,'2018-08-03 18:44:00'),
(442,'DRG. WENNI QORINA','Laki-Laki','KUDUS',NULL,'2018-08-03 18:44:00'),
(443,'CAHYAWATI','Laki-Laki','KUDUS',NULL,'2018-08-03 18:44:00'),
(444,'MBAK NANA','Laki-Laki','KUDUS',NULL,'2018-08-03 18:44:00'),
(445,'AYU VIRA SANTI','Laki-Laki','KUDUS',NULL,'2018-08-03 18:44:00'),
(446,'RAGIL GRIPTHA','Laki-Laki','KUDUS',NULL,'2018-08-03 18:44:00'),
(447,'EVAN GRIPTHA','Laki-Laki','KUDUS',NULL,'2018-08-03 18:44:00'),
(448,'RETNO GRIPTHA','Laki-Laki','KUDUS',NULL,'2018-08-03 18:44:00'),
(449,'YESSI GRIPTHA','Laki-Laki','KUDUS',NULL,'2018-08-03 18:44:00'),
(450,'HAPPY ARDIANA','Laki-Laki','KUDUS',NULL,'2018-08-03 18:44:00'),
(451,'ZAIMATUL CHOIRIAH','Laki-Laki','KUDUS',NULL,'2018-08-03 18:44:00'),
(452,'DONI PRASONO','Laki-Laki','KUDUS',NULL,'2018-08-03 18:44:00'),
(453,'MELI TIGARODA','Laki-Laki','KUDUS',NULL,'2018-08-03 18:44:00'),
(454,'MOCH NAILAL KHUSNA','Laki-Laki','KUDUS',NULL,'2018-08-03 18:44:00'),
(455,'MUFLIKH BASHORI','Laki-Laki','KUDUS',NULL,'2018-08-03 18:44:00'),
(456,'SUSI','Laki-Laki','KUDUS',NULL,'2018-08-03 18:44:00'),
(457,'AGUS SYAIFUDIN','Laki-Laki','KUDUS',NULL,'2018-08-03 18:44:00'),
(458,'AYU FAFAZIYAH','Laki-Laki','KUDUS',NULL,'2018-08-03 18:44:00'),
(459,'DWI NOPRIYANDANI','Laki-Laki','KUDUS',NULL,'2018-08-03 18:44:00'),
(460,'ANA DESIANA','Laki-Laki','KUDUS',NULL,'2018-08-03 18:44:00'),
(461,'RIFKIE ADI RESTUMA','Laki-Laki','KUDUS',NULL,'2018-08-03 18:44:00'),
(462,'MOCH SYAFIQURAHMAN','Laki-Laki','KUDUS',NULL,'2018-08-03 18:44:00'),
(463,'ANDI PUJO RUKMONO','Laki-Laki','KUDUS',NULL,'2018-08-03 18:44:00'),
(464,'PRIYO','Laki-Laki','KUDUS',NULL,'2018-08-03 18:44:00'),
(465,'BAGOES ARIWIBOWO','Laki-Laki','KUDUS',NULL,'2018-08-03 18:44:00'),
(466,'SUPRIHANTO','Laki-Laki','KUDUS',NULL,'2018-08-03 18:44:00'),
(467,'MOCH AHMAD FATAHILLAH','Laki-Laki','KUDUS',NULL,'2018-08-03 18:44:00'),
(468,'DWI RETNOSARI','Laki-Laki','KUDUS',NULL,'2018-08-03 18:44:00'),
(469,'EKO','Laki-Laki','KUDUS',NULL,'2018-08-03 18:44:00'),
(470,'ACHMAD MUSTAQIM','Laki-Laki','KUDUS',NULL,'2018-08-03 18:44:00'),
(471,'UWIK','Laki-Laki','KUDUS',NULL,'2018-08-03 18:44:00'),
(472,'ARNI DARUSSALAM','Laki-Laki','KUDUS',NULL,'2018-08-03 18:44:00'),
(473,'ZUNITA','Laki-Laki','KUDUS',NULL,'2018-08-03 18:44:00'),
(474,'AHMAD MUSTAQIM','Laki-Laki','KUDUS',NULL,'2018-08-03 18:44:00'),
(475,'MELI FATMAWATI','Laki-Laki','KUDUS',NULL,'2018-08-03 18:44:00'),
(476,'GALUH','Laki-Laki','KUDUS',NULL,'2018-08-03 18:44:00'),
(477,'SANI','Laki-Laki','KUDUS',NULL,'2018-08-03 18:44:00'),
(478,'SUWITO TOYOTA','Laki-Laki','KUDUS',NULL,'2018-08-03 18:44:00'),
(479,'MAULANA TIYONO','Laki-Laki','KUDUS',NULL,'2018-08-03 18:44:00'),
(480,'TOMY','Laki-Laki','KUDUS',NULL,'2018-08-03 18:44:00'),
(481,'ABDUL MALIK','Laki-Laki','KUDUS',NULL,'2018-08-03 18:44:00'),
(482,'DISTHA IANOCTA','Laki-Laki','KUDUS',NULL,'2018-08-03 18:44:00'),
(483,'SAVANI','Laki-Laki','KUDUS',NULL,'2018-08-03 18:44:00'),
(484,'SAVANA','Laki-Laki','KUDUS',NULL,'2018-08-03 18:44:00'),
(485,'AYUNDA MAYANG HW','Laki-Laki','KUDUS',NULL,'2018-08-03 18:44:00'),
(486,'RISMA','Laki-Laki','KUDUS',NULL,'2018-08-03 18:44:00'),
(487,'KAJI FITRI PRIMASINDO','Laki-Laki','KUDUS',NULL,'2018-08-03 18:44:00'),
(488,'DEVINA PRIMASINDO','Laki-Laki','KUDUS',NULL,'2018-08-03 18:44:00'),
(489,'FERI PRIMASINDO','Laki-Laki','KUDUS',NULL,'2018-08-03 18:44:00'),
(490,'FAIDZIN KWSG','Laki-Laki','KUDUS',NULL,'2018-08-03 18:44:00'),
(491,'DANIEL HARTONO','Laki-Laki','KUDUS',NULL,'2018-08-03 18:44:00'),
(492,'JEFRI CSA','Laki-Laki','KUDUS',NULL,'2018-08-03 18:44:00'),
(493,'ARIF RULLY CUI','Laki-Laki','KUDUS',NULL,'2018-08-03 18:44:00'),
(494,'ANDRI GUNUNG JATI','Laki-Laki','KUDUS',NULL,'2018-08-03 18:44:00'),
(495,'RAHMAD (MAMAD)','Laki-Laki','KUDUS',NULL,'2018-08-03 18:44:00'),
(496,'MBAH SAWIT','Laki-Laki','KUDUS',NULL,'2018-08-03 18:44:00'),
(497,'KEPALA CAB.MANDIRI','Laki-Laki','KUDUS',NULL,'2018-08-03 18:44:00'),
(498,'FARID RAHMAN','Laki-Laki','KUDUS',NULL,'2018-08-03 18:44:00'),
(499,'ADI NUGROHO','Laki-Laki','KUDUS',NULL,'2018-08-03 18:44:00'),
(500,'SITI HIDAYATI','Laki-Laki','KUDUS',NULL,'2018-08-03 18:44:00'),
(501,'CINDY MANDIRI','Laki-Laki','KUDUS',NULL,'2018-08-03 18:44:00'),
(502,'ERWANTO','Laki-Laki','KUDUS',NULL,'2018-08-03 18:44:00'),
(503,'CHANDRA','Laki-Laki','KUDUS',NULL,'2018-08-03 18:44:00'),
(504,'GALIH','Laki-Laki','KUDUS',NULL,'2018-08-03 18:44:00'),
(505,'HASTOMO ARDI BNI','Laki-Laki','KUDUS',NULL,'2018-08-03 18:44:00'),
(506,'DEVI BCA','Laki-Laki','KUDUS',NULL,'2018-08-03 18:44:00'),
(507,'IBU HENY PURWANTI BCA','Laki-Laki','KUDUS',NULL,'2018-08-03 18:44:00'),
(508,'BP AMIR SEKALIAN','Laki-Laki','KUDUS',NULL,'2018-08-03 18:44:00'),
(509,'MBAK SUNDARI','Laki-Laki','KUDUS',NULL,'2018-08-03 18:44:00'),
(510,'MBAK SAMINI','Laki-Laki','KUDUS',NULL,'2018-08-03 18:44:00'),
(511,'MBAK WINDI KAYEN','Laki-Laki','KUDUS',NULL,'2018-08-03 18:44:00'),
(512,'MAS DUL ALUMUNIUM','Laki-Laki','KUDUS',NULL,'2018-08-03 18:44:00'),
(513,'MAS JADI GYPSUM','Laki-Laki','KUDUS',NULL,'2018-08-03 18:44:00'),
(514,'MAS MULYONO DEMAK','Laki-Laki','KUDUS',NULL,'2018-08-03 18:44:00'),
(515,'OM CUAN EVISIEN GALVALUM','Laki-Laki','KUDUS',NULL,'2018-08-03 18:44:00'),
(516,'ELIZA / LOGAM JAYA','Laki-Laki','KUDUS',NULL,'2018-08-03 18:44:00'),
(517,'FAIRUS FOTOCOPY','Laki-Laki','KUDUS',NULL,'2018-08-03 18:44:00'),
(518,'UUN PAJAK','Laki-Laki','KUDUS',NULL,'2018-08-03 18:44:00'),
(519,'HABIBAH BENGKEL','Laki-Laki','KUDUS',NULL,'2018-08-03 18:44:00'),
(520,'H.WAHO (PERKASA SAKTI)','Laki-Laki','KUDUS',NULL,'2018-08-03 18:44:00'),
(521,'MAS ZUFAR MEBEL','Laki-Laki','KUDUS',NULL,'2018-08-03 18:44:00'),
(522,'DWI ADRIYANTI','Laki-Laki','KUDUS',NULL,'2018-08-03 18:44:00'),
(523,'BETTY LAILATUL KHUSNA','Laki-Laki','KUDUS',NULL,'2018-08-03 18:44:00'),
(524,'CHARISMA PUTRI NANDASARI','Laki-Laki','KUDUS',NULL,'2018-08-03 18:44:00'),
(525,'UMMARUN NISA BCA','Laki-Laki','KUDUS',NULL,'2018-08-03 18:44:00'),
(526,'SETYO RISTIANTO','Laki-Laki','KUDUS',NULL,'2018-08-03 18:44:00'),
(527,'DONI BAGUS','Laki-Laki','KUDUS',NULL,'2018-08-03 18:44:00'),
(528,'BUDI ALFARK','Laki-Laki','KUDUS',NULL,'2018-08-03 18:44:00'),
(529,'ROCHANI','Laki-Laki','KUDUS',NULL,'2018-08-03 18:44:00'),
(530,'CHRISTIAN BONA','Laki-Laki','KUDUS',NULL,'2018-08-03 18:44:00'),
(531,'FANDI','Laki-Laki','KUDUS',NULL,'2018-08-03 18:44:00'),
(532,'JEFRI PAMBUDI','Laki-Laki','KUDUS',NULL,'2018-08-03 18:44:00'),
(533,'HENAN','Laki-Laki','KUDUS',NULL,'2018-08-03 18:44:00'),
(534,'ABDUL HANIF','Laki-Laki','KUDUS',NULL,'2018-08-03 18:44:00'),
(535,'ADI SETIAWAN','Laki-Laki','KUDUS',NULL,'2018-08-03 18:44:00'),
(536,'DR. GURUH ARYO SENO','Laki-Laki','KUDUS',NULL,'2018-08-03 18:44:00'),
(537,'AFFAN SATRIO','Laki-Laki','KUDUS',NULL,'2018-08-03 18:44:00'),
(538,'ANDIKA','Laki-Laki','KUDUS',NULL,'2018-08-03 18:44:00'),
(539,'MOH.NOOR RIZQI','Laki-Laki','KUDUS',NULL,'2018-08-03 18:44:00'),
(540,'NOVA AMELIA SARI','Laki-Laki','KUDUS',NULL,'2018-08-03 18:44:00'),
(541,'SHEILA AMELINDA PUTRI','Laki-Laki','KUDUS',NULL,'2018-08-03 18:44:00'),
(542,'DIAH AYU KARTIKASARI','Laki-Laki','KUDUS',NULL,'2018-08-03 18:44:00'),
(543,'DR.INDAH ROSIANA','Laki-Laki','KUDUS',NULL,'2018-08-03 18:44:00'),
(544,'ERLINA CANDRA','Laki-Laki','KUDUS',NULL,'2018-08-03 18:44:00'),
(545,'EKA KRISTIANA','Laki-Laki','KUDUS',NULL,'2018-08-03 18:44:00'),
(546,'WYNDA RATNASARI','Laki-Laki','KUDUS',NULL,'2018-08-03 18:44:00'),
(547,'RATNA HIKMANINGTYAS','Laki-Laki','KUDUS',NULL,'2018-08-03 18:44:00'),
(548,'DIAN FAJRI','Laki-Laki','KUDUS',NULL,'2018-08-03 18:44:00'),
(549,'AHMAD WAFI B','Laki-Laki','KUDUS',NULL,'2018-08-03 18:44:00'),
(550,'CAMELIA FAHMI','Laki-Laki','KUDUS',NULL,'2018-08-03 18:44:00'),
(551,'ILHAM / HERLINA','Laki-Laki','KUDUS',NULL,'2018-08-03 18:44:00'),
(552,'VIRAWAN','Laki-Laki','KUDUS',NULL,'2018-08-03 18:44:00'),
(553,'MOCH.RIZZA ARIF','Laki-Laki','KUDUS',NULL,'2018-08-03 18:44:00'),
(554,'DEVI ANINDYA PUTRI','Laki-Laki','KUDUS',NULL,'2018-08-03 18:44:00'),
(555,'AJENG QCUNK','Laki-Laki','KUDUS',NULL,'2018-08-03 18:44:00'),
(556,'PRASETYO ADI','Laki-Laki','KUDUS',NULL,'2018-08-03 18:44:00'),
(557,'PUTRI FARAH KANDIDA','Laki-Laki','KUDUS',NULL,'2018-08-03 18:44:00'),
(558,'TRISTY MEINAWATI','Laki-Laki','KUDUS',NULL,'2018-08-03 18:44:00'),
(559,'BUDI SUCI LUKMONO','Laki-Laki','KUDUS',NULL,'2018-08-03 18:44:00'),
(560,'DICKY PRIAMBODO','Laki-Laki','KUDUS',NULL,'2018-08-03 18:44:00'),
(561,'RATRI RAHAYU','Laki-Laki','KUDUS',NULL,'2018-08-03 18:44:00'),
(562,'ANGGER GALIH','Laki-Laki','KUDUS',NULL,'2018-08-03 18:44:00'),
(563,'NDARU REALISTIAN','Laki-Laki','KUDUS',NULL,'2018-08-03 18:44:00'),
(564,'DR.ALI ROHMAD','Laki-Laki','KUDUS',NULL,'2018-08-03 18:44:00'),
(565,'DEFRI','Laki-Laki','KUDUS',NULL,'2018-08-03 18:44:00'),
(566,'FUAD','Laki-Laki','KUDUS',NULL,'2018-08-03 18:44:00'),
(567,'NAFIS SMASA','Laki-Laki','KUDUS',NULL,'2018-08-03 18:44:00'),
(568,'BAGUS / MUFIDA','Laki-Laki','KUDUS',NULL,'2018-08-03 18:44:00'),
(569,'SURYO','Laki-Laki','KUDUS',NULL,'2018-08-03 18:44:00'),
(570,'DRG.NOVITA RIZKA YUNIARTI','Laki-Laki','KUDUS',NULL,'2018-08-03 18:44:00'),
(571,'MIRNA','Laki-Laki','KUDUS',NULL,'2018-08-03 18:44:00'),
(572,'ALIVIA ARVE','Laki-Laki','KUDUS',NULL,'2018-08-03 18:44:00'),
(573,'DR.NAURA NINIT KIRANA','Laki-Laki','KUDUS',NULL,'2018-08-03 18:44:00'),
(574,'HERMAN PRASTOWO','Laki-Laki','KUDUS',NULL,'2018-08-03 18:44:00'),
(575,'ARIF RIYAN','Laki-Laki','KUDUS',NULL,'2018-08-03 18:44:00'),
(576,'NOVI ANDRIANTO','Laki-Laki','KUDUS',NULL,'2018-08-03 18:44:00'),
(577,'DENY SULISTIYOWATI','Laki-Laki','KUDUS',NULL,'2018-08-03 18:44:00'),
(578,'RIZKY MAESA','Laki-Laki','KUDUS',NULL,'2018-08-03 18:44:00'),
(579,'DIMAS ACHMAD','Laki-Laki','KUDUS',NULL,'2018-08-03 18:44:00'),
(580,'DEDI RESMIANTO','Laki-Laki','KUDUS',NULL,'2018-08-03 18:44:00'),
(581,'MOHAMAD MUHAJIRIN','Laki-Laki','KUDUS',NULL,'2018-08-03 18:44:00'),
(582,'UNTUNG ADI WIBOWO','Laki-Laki','KUDUS',NULL,'2018-08-03 18:44:00'),
(583,'TIYO\' PKPA','Laki-Laki','KUDUS',NULL,'2018-08-03 18:44:00'),
(584,'SETYO','Laki-Laki','KUDUS',NULL,'2018-08-03 18:44:00'),
(585,'RIDA','Laki-Laki','KUDUS',NULL,'2018-08-03 18:44:00'),
(586,'GIYANTO','Laki-Laki','KUDUS',NULL,'2018-08-03 18:44:00'),
(587,'MBAK RINI SINARMAS','Laki-Laki','KUDUS',NULL,'2018-08-03 18:44:00'),
(588,'MASRIPAH','Laki-Laki','KUDUS',NULL,'2018-08-03 18:44:00'),
(589,'SLAMET BUDIANTO','Laki-Laki','KUDUS',NULL,'2018-08-03 18:44:00'),
(590,'MASLICHAH (SUPARMAN)','Laki-Laki','KUDUS',NULL,'2018-08-03 18:44:00'),
(591,'MASKARNO','Laki-Laki','KUDUS',NULL,'2018-08-03 18:44:00'),
(592,'TEGUH WIBOWO','Laki-Laki','KUDUS',NULL,'2018-08-03 18:44:00'),
(593,'IMAM SUPARDI','Laki-Laki','KUDUS',NULL,'2018-08-03 18:44:00'),
(594,'MUTTAQIN BILLAH','Laki-Laki','KUDUS',NULL,'2018-08-03 18:44:00'),
(595,'ACHMAD SAERI','Laki-Laki','KUDUS',NULL,'2018-08-03 18:44:00'),
(596,'HJ.SRI MARNI','Laki-Laki','KUDUS',NULL,'2018-08-03 18:44:00'),
(597,'SOFI\'AH','Laki-Laki','KUDUS',NULL,'2018-08-03 18:44:00'),
(598,'H. SURYONO','Laki-Laki','KUDUS',NULL,'2018-08-03 18:44:00'),
(599,'NGADINI LUYUNG','Laki-Laki','KUDUS',NULL,'2018-08-03 18:44:00'),
(600,'SARJONO','Laki-Laki','KUDUS',NULL,'2018-08-03 18:44:00'),
(601,'MOH YATIN','Laki-Laki','KUDUS',NULL,'2018-08-03 18:44:00'),
(602,'SUMARLAN','Laki-Laki','KUDUS',NULL,'2018-08-03 18:44:00'),
(603,'SHOLIKIN','Laki-Laki','KUDUS',NULL,'2018-08-03 18:44:00'),
(604,'SHOLEH','Laki-Laki','KUDUS',NULL,'2018-08-03 18:44:00'),
(605,'EKO / ZULIANA MARIA ULFA','Laki-Laki','KUDUS',NULL,'2018-08-03 18:44:00'),
(606,'NESSIA BUDI','Laki-Laki','KUDUS',NULL,'2018-08-03 18:44:00'),
(607,'HJ.NURAINI','Laki-Laki','KUDUS',NULL,'2018-08-03 18:44:00'),
(608,'ARIS ALEX PRASOJO','Laki-Laki','KUDUS',NULL,'2018-08-03 18:44:00'),
(609,'H.HERU SUSANTO','Laki-Laki','KUDUS',NULL,'2018-08-03 18:44:00'),
(610,'JEPRO','Laki-Laki','KUDUS',NULL,'2018-08-03 18:44:00'),
(611,'LULUK PUJI UTOMO','Laki-Laki','KUDUS',NULL,'2018-08-03 18:44:00'),
(612,'KASILAH','Laki-Laki','KUDUS',NULL,'2018-08-03 18:44:00'),
(613,'AGUS SUYONO','Laki-Laki','KUDUS',NULL,'2018-08-03 18:44:00'),
(614,'SUNTI/ SUBADI ALM','Laki-Laki','KUDUS',NULL,'2018-08-03 18:44:00'),
(615,'SUYANTO','Laki-Laki','KUDUS',NULL,'2018-08-03 18:44:00'),
(616,'TEMU','Laki-Laki','KUDUS',NULL,'2018-08-03 18:44:00'),
(617,'KASMINAN','Laki-Laki','KUDUS',NULL,'2018-08-03 18:44:00'),
(618,'SUBADI SAPON','Laki-Laki','KUDUS',NULL,'2018-08-03 18:44:00'),
(619,'WURYANTO','Laki-Laki','KUDUS',NULL,'2018-08-03 18:44:00'),
(620,'H.SARMIN SE','Laki-Laki','KUDUS',NULL,'2018-08-03 18:44:00'),
(621,'SINAR UTOMO','Laki-Laki','KUDUS',NULL,'2018-08-03 18:44:00'),
(622,'AMRUL AZZA','Laki-Laki','KUDUS',NULL,'2018-08-03 18:44:00'),
(623,'WAGIMAN','Laki-Laki','KUDUS',NULL,'2018-08-03 18:44:00'),
(624,'ROMLI','Laki-Laki','KUDUS',NULL,'2018-08-03 18:44:00'),
(625,'ACHMAD DUCHI','Laki-Laki','KUDUS',NULL,'2018-08-03 18:44:00'),
(626,'RUSMIN','Laki-Laki','KUDUS',NULL,'2018-08-03 18:44:00'),
(627,'TAS\'AN','Laki-Laki','KUDUS',NULL,'2018-08-03 18:44:00'),
(628,'SUNTARI','Laki-Laki','KUDUS',NULL,'2018-08-03 18:44:00'),
(629,'KHOIRUL ANTOK','Laki-Laki','KUDUS',NULL,'2018-08-03 18:44:00'),
(630,'SUDIYATNO','Laki-Laki','KUDUS',NULL,'2018-08-03 18:44:00'),
(631,'ANDI NUGROHO','Laki-Laki','KUDUS',NULL,'2018-08-03 18:44:00'),
(632,'MOCHARI','Laki-Laki','KUDUS',NULL,'2018-08-03 18:44:00'),
(633,'SOLIKUL RIZAL','Laki-Laki','KUDUS',NULL,'2018-08-03 18:44:00'),
(634,'SUPAR','Laki-Laki','KUDUS',NULL,'2018-08-03 18:44:00'),
(635,'HARIYADI (JUSTO)','Laki-Laki','KUDUS',NULL,'2018-08-03 18:44:00'),
(636,'HARTATI / YG MEWAKILI','Laki-Laki','KUDUS',NULL,'2018-08-03 18:44:00'),
(637,'SUTIK','Laki-Laki','KUDUS',NULL,'2018-08-03 18:44:00'),
(638,'SUTIKNO','Laki-Laki','KUDUS',NULL,'2018-08-03 18:44:00'),
(639,'YUDI SETIAWAN','Laki-Laki','KUDUS',NULL,'2018-08-03 18:44:00'),
(640,'LUKI DENI','Laki-Laki','KUDUS',NULL,'2018-08-03 18:44:00'),
(641,'KARSIH','Laki-Laki','KUDUS',NULL,'2018-08-03 18:44:00'),
(642,'PAISAH','Laki-Laki','KUDUS',NULL,'2018-08-03 18:44:00'),
(643,'NOOR HIDAYATI','Laki-Laki','KUDUS',NULL,'2018-08-03 18:44:00'),
(644,'ALMAN WICARA','Laki-Laki','KUDUS',NULL,'2018-08-03 18:44:00'),
(645,'KUSNAN','Laki-Laki','KUDUS',NULL,'2018-08-03 18:44:00'),
(646,'ULHADI','Laki-Laki','KUDUS',NULL,'2018-08-03 18:44:00'),
(647,'SUMARDI GRIYET','Laki-Laki','KUDUS',NULL,'2018-08-03 18:44:00'),
(648,'EDY RT','Laki-Laki','KUDUS',NULL,'2018-08-03 18:44:00'),
(649,'NASKAN','Laki-Laki','KUDUS',NULL,'2018-08-03 18:44:00'),
(650,'IBU SUDIKAN','Laki-Laki','KUDUS',NULL,'2018-08-03 18:44:00'),
(651,'DONI SAPUTRO','Laki-Laki','KUDUS',NULL,'2018-08-03 18:44:00'),
(652,'SUMARDI RINI','Laki-Laki','KUDUS',NULL,'2018-08-03 18:44:00'),
(653,'WARSITI','Laki-Laki','KUDUS',NULL,'2018-08-03 18:44:00'),
(654,'ALI MUSTA\'IN','Laki-Laki','KUDUS',NULL,'2018-08-03 18:44:00'),
(655,'SUMARNO','Laki-Laki','KUDUS',NULL,'2018-08-03 18:44:00'),
(656,'SLAMET FAOZI','Laki-Laki','KUDUS',NULL,'2018-08-03 18:44:00'),
(657,'IWAN','Laki-Laki','KUDUS',NULL,'2018-08-03 18:44:00'),
(658,'MUSBAH','Laki-Laki','KUDUS',NULL,'2018-08-03 18:44:00'),
(659,'SUGITO','Laki-Laki','KUDUS',NULL,'2018-08-03 18:44:00'),
(660,'SARDI','Laki-Laki','KUDUS',NULL,'2018-08-03 18:44:00'),
(661,'NOOR ROKHIM','Laki-Laki','KUDUS',NULL,'2018-08-03 18:44:00'),
(662,'RANTO NGAISAH','Laki-Laki','KUDUS',NULL,'2018-08-03 18:44:00'),
(663,'JAMI\'AN','Laki-Laki','KUDUS',NULL,'2018-08-03 18:44:00'),
(664,'KARYONO','Laki-Laki','KUDUS',NULL,'2018-08-03 18:44:00'),
(665,'KARMAN','Laki-Laki','KUDUS',NULL,'2018-08-03 18:44:00'),
(666,'SUKARNO (KEMENG)','Laki-Laki','KUDUS',NULL,'2018-08-03 18:44:00'),
(667,'BUDI SANTOSO','Laki-Laki','KUDUS',NULL,'2018-08-03 18:44:00'),
(668,'KUNSARWANI','Laki-Laki','KUDUS',NULL,'2018-08-03 18:44:00'),
(669,'NGATIMAN','Laki-Laki','KUDUS',NULL,'2018-08-03 18:44:00'),
(670,'BASRI','Laki-Laki','KUDUS',NULL,'2018-08-03 18:44:00'),
(671,'SULIYAH','Laki-Laki','KUDUS',NULL,'2018-08-03 18:44:00'),
(672,'TUKIMAN','Laki-Laki','KUDUS',NULL,'2018-08-03 18:44:00'),
(673,'SUBUR','Laki-Laki','KUDUS',NULL,'2018-08-03 18:44:00'),
(674,'SABAR BO\'O','Laki-Laki','KUDUS',NULL,'2018-08-03 18:44:00'),
(675,'ARIS PRASETYO','Laki-Laki','KUDUS',NULL,'2018-08-03 18:44:00'),
(676,'MAS YOYOK','Laki-Laki','KUDUS',NULL,'2018-08-03 18:44:00'),
(677,'KUSTIYONO','Laki-Laki','KUDUS',NULL,'2018-08-03 18:44:00'),
(678,'BANGUN SUTRISNO','Laki-Laki','KUDUS',NULL,'2018-08-03 18:44:00'),
(679,'LEGIMAN SARU','Laki-Laki','KUDUS',NULL,'2018-08-03 18:44:00'),
(680,'EKO PURWANTO','Laki-Laki','KUDUS',NULL,'2018-08-03 18:44:00'),
(681,'KARTO TAMBAH','Laki-Laki','KUDUS',NULL,'2018-08-03 18:44:00'),
(682,'NOR IKHSAN','Laki-Laki','KUDUS',NULL,'2018-08-03 18:44:00'),
(683,'GUNAWAN HETIK','Laki-Laki','KUDUS',NULL,'2018-08-03 18:44:00'),
(684,'EKO HERNANTO','Laki-Laki','KUDUS',NULL,'2018-08-03 18:44:00'),
(685,'ST YUWONO','Laki-Laki','KUDUS',NULL,'2018-08-03 18:44:00'),
(686,'KHUSAERI','Laki-Laki','KUDUS',NULL,'2018-08-03 18:44:00'),
(687,'ARIEF SUGIARTO','Laki-Laki','KUDUS',NULL,'2018-08-03 18:44:00'),
(688,'H.SOFWAN RAS','Laki-Laki','KUDUS',NULL,'2018-08-03 18:44:00'),
(689,'MOCH SYAFI\'I','Laki-Laki','KUDUS',NULL,'2018-08-03 18:44:00'),
(690,'BU SILAH/ BU SUMARGONO','Laki-Laki','KUDUS',NULL,'2018-08-03 18:44:00'),
(691,'HERU HANDOKO','Laki-Laki','KUDUS',NULL,'2018-08-03 18:44:00'),
(692,'H. SUYANTO AC','Laki-Laki','KUDUS',NULL,'2018-08-03 18:44:00'),
(693,'HANDONO','Laki-Laki','KUDUS',NULL,'2018-08-03 18:44:00'),
(694,'AGUS SALIM','Laki-Laki','KUDUS',NULL,'2018-08-03 18:44:00'),
(695,'SUMAJI','Laki-Laki','KUDUS',NULL,'2018-08-03 18:44:00'),
(696,'SUDARMAN','Laki-Laki','KUDUS',NULL,'2018-08-03 18:44:00'),
(697,'SABAR SAKIMAN','Laki-Laki','KUDUS',NULL,'2018-08-03 18:44:00'),
(698,'SUYITNO','Laki-Laki','KUDUS',NULL,'2018-08-03 18:44:00'),
(699,'VALEN RAKA SIWI','Laki-Laki','KUDUS',NULL,'2018-08-03 18:44:00'),
(700,'H.MOCH SYUKUR','Laki-Laki','KUDUS',NULL,'2018-08-03 18:44:00'),
(701,'WELLY LUSDIANTO','Laki-Laki','KUDUS',NULL,'2018-08-03 18:44:00'),
(702,'MAS WID','Laki-Laki','KUDUS',NULL,'2018-08-03 18:44:00'),
(703,'SUWARNO','Laki-Laki','KUDUS',NULL,'2018-08-03 18:44:00'),
(704,'RUMADI','Laki-Laki','KUDUS',NULL,'2018-08-03 18:44:00'),
(705,'SURAHMAN','Laki-Laki','KUDUS',NULL,'2018-08-03 18:44:00'),
(706,'SUKARJO','Laki-Laki','KUDUS',NULL,'2018-08-03 18:44:00'),
(707,'MAULANA TIYONO','Laki-Laki','KUDUS',NULL,'2018-08-03 18:44:00'),
(708,'ABADI','Laki-Laki','KUDUS',NULL,'2018-08-03 18:44:00'),
(709,'SUNU PS','Laki-Laki','KUDUS',NULL,'2018-08-03 18:44:00'),
(710,'ENDANG NANDA','Laki-Laki','KUDUS',NULL,'2018-08-03 18:44:00'),
(711,'RASMANI','Laki-Laki','KUDUS',NULL,'2018-08-03 18:44:00'),
(712,'SUNAR','Laki-Laki','KUDUS',NULL,'2018-08-03 18:44:00'),
(713,'KASRIPAH','Laki-Laki','KUDUS',NULL,'2018-08-03 18:44:00'),
(714,'SONI DARSONO','Laki-Laki','KUDUS',NULL,'2018-08-03 18:44:00'),
(715,'SRI HARTUTIK','Laki-Laki','KUDUS',NULL,'2018-08-03 18:44:00'),
(716,'DWI HADIYANTO','Laki-Laki','KUDUS',NULL,'2018-08-03 18:44:00'),
(717,'PUSITO','Laki-Laki','KUDUS',NULL,'2018-08-03 18:44:00'),
(718,'AHMAD MAULANA','Laki-Laki','KUDUS',NULL,'2018-08-03 18:44:00'),
(719,'ACONG','Laki-Laki','KUDUS',NULL,'2018-08-03 18:44:00'),
(720,'SUTRISNO ALI MAJI','Laki-Laki','KUDUS',NULL,'2018-08-03 18:44:00'),
(721,'DISTHA IANOCTAF','Laki-Laki','KUDUS',NULL,'2018-08-03 18:44:00'),
(722,'URIFAH','Laki-Laki','KUDUS',NULL,'2018-08-03 18:44:00'),
(723,'YULI','Laki-Laki','KUDUS',NULL,'2018-08-03 18:44:00'),
(724,'H.SAYID YUNANTA','Laki-Laki','KUDUS',NULL,'2018-08-03 18:44:00'),
(725,'HADI SAPUTRO','Laki-Laki','KUDUS',NULL,'2018-08-03 18:44:00'),
(726,'SITI ASROFAH','Laki-Laki','KUDUS',NULL,'2018-08-03 18:44:00'),
(727,'CHOLIS FIKRI','Laki-Laki','KUDUS',NULL,'2018-08-03 18:44:00'),
(728,'NUGROHO','Laki-Laki','KUDUS',NULL,'2018-08-03 18:44:00'),
(729,'SRI HARDININGSIH','Laki-Laki','KUDUS',NULL,'2018-08-03 18:44:00'),
(730,'ANGGUN','Laki-Laki','KUDUS',NULL,'2018-08-03 18:44:00'),
(731,'SISWANTO','Laki-Laki','KUDUS',NULL,'2018-08-03 18:44:00'),
(732,'SITI NOORKHAYATIMAH','Laki-Laki','KUDUS',NULL,'2018-08-03 18:44:00'),
(733,'NANCY','Laki-Laki','KUDUS',NULL,'2018-08-03 18:44:00'),
(734,'NANDY','Laki-Laki','KUDUS',NULL,'2018-08-03 18:44:00'),
(735,'GANDHI','Laki-Laki','KUDUS',NULL,'2018-08-03 18:44:00'),
(736,'SUDARTO','Laki-Laki','KUDUS',NULL,'2018-08-03 18:44:00'),
(737,'OTHSA CERY W','Laki-Laki','KUDUS',NULL,'2018-08-03 18:44:00'),
(738,'SUGIARTO','Laki-Laki','KUDUS',NULL,'2018-08-03 18:44:00'),
(739,'NOOR KHALIM','Laki-Laki','KUDUS',NULL,'2018-08-03 18:44:00'),
(740,'SUWANTO','Laki-Laki','KUDUS',NULL,'2018-08-03 18:44:00'),
(741,'NORHADI','Laki-Laki','KUDUS',NULL,'2018-08-03 18:44:00'),
(742,'RONJI','Laki-Laki','KUDUS',NULL,'2018-08-03 18:44:00'),
(743,'ARIFIN','Laki-Laki','KUDUS',NULL,'2018-08-03 18:44:00'),
(744,'ABDUL CHOLIQ','Laki-Laki','KUDUS',NULL,'2018-08-03 18:44:00'),
(745,'ENY SUPRIHATI','Laki-Laki','KUDUS',NULL,'2018-08-03 18:44:00'),
(746,'ROKHIM','Laki-Laki','KUDUS',NULL,'2018-08-03 18:44:00'),
(747,'SUNTONO','Laki-Laki','KUDUS',NULL,'2018-08-03 18:44:00'),
(748,'ABDULLOH','Laki-Laki','KUDUS',NULL,'2018-08-03 18:44:00'),
(749,'TAUFIQURRAHMAN','Laki-Laki','KUDUS',NULL,'2018-08-03 18:44:00'),
(750,'ROFIQ','Laki-Laki','KUDUS',NULL,'2018-08-03 18:44:00'),
(751,'SUPAAT','Laki-Laki','KUDUS',NULL,'2018-08-03 18:44:00'),
(752,'KASIR','Laki-Laki','KUDUS',NULL,'2018-08-03 18:44:00'),
(753,'RUMONO','Laki-Laki','KUDUS',NULL,'2018-08-03 18:44:00'),
(754,'FATKHUR RONDI','Laki-Laki','KUDUS',NULL,'2018-08-03 18:44:00'),
(755,'NOOR RICHAN','Laki-Laki','KUDUS',NULL,'2018-08-03 18:44:00'),
(756,'NOOR KHOLIS','Laki-Laki','KUDUS',NULL,'2018-08-03 18:44:00'),
(757,'SUGIONO','Laki-Laki','KUDUS',NULL,'2018-08-03 18:44:00'),
(758,'IBU NI\'HAYAH','Laki-Laki','KUDUS',NULL,'2018-08-03 18:44:00'),
(759,'MIF','Laki-Laki','KUDUS',NULL,'2018-08-03 18:44:00'),
(760,'SHOFA','Laki-Laki','KUDUS',NULL,'2018-08-03 18:44:00'),
(761,'IBU TINI /BP.JASIMUN ALM','Laki-Laki','KUDUS',NULL,'2018-08-03 18:44:00'),
(762,'UMAR /MBAK IMA','Laki-Laki','KUDUS',NULL,'2018-08-03 18:44:00'),
(763,'TAUFIK','Laki-Laki','KUDUS',NULL,'2018-08-03 18:44:00'),
(764,'MUFLIH BASORI','Laki-Laki','KUDUS',NULL,'2018-08-03 18:44:00'),
(765,'MBAH BARDI','Laki-Laki','KUDUS',NULL,'2018-08-03 18:44:00'),
(766,'SUBANDI','Laki-Laki','KUDUS',NULL,'2018-08-03 18:44:00'),
(767,'JUNAWAN','Laki-Laki','KUDUS',NULL,'2018-08-03 18:44:00'),
(768,'MAMAN GETHOK','Laki-Laki','KUDUS',NULL,'2018-08-03 18:44:00'),
(769,'NGASRIPAN','Laki-Laki','KUDUS',NULL,'2018-08-03 18:44:00'),
(770,'HARIYONO','Laki-Laki','KUDUS',NULL,'2018-08-03 18:44:00'),
(771,'BU HINDASAH','Laki-Laki','KUDUS',NULL,'2018-08-03 18:44:00'),
(772,'MBAH NGADRI','Laki-Laki','KUDUS',NULL,'2018-08-03 18:44:00'),
(773,'MBAH KAHAR','Laki-Laki','KUDUS',NULL,'2018-08-03 18:44:00'),
(774,'WIN ADI WINOTO','Laki-Laki','KUDUS',NULL,'2018-08-03 18:44:00'),
(775,'YON SUGIANTO','Laki-Laki','KUDUS',NULL,'2018-08-03 18:44:00'),
(776,'IJEHONO','Laki-Laki','KUDUS',NULL,'2018-08-03 18:44:00'),
(777,'ADHIYULISTIANTO','Laki-Laki','KUDUS',NULL,'2018-08-03 18:44:00'),
(778,'AGUSTHA','Laki-Laki','KUDUS',NULL,'2018-08-03 18:44:00'),
(779,'KARMIN','Laki-Laki','KUDUS',NULL,'2018-08-03 18:44:00'),
(780,'SUPRAPTO','Laki-Laki','KUDUS',NULL,'2018-08-03 18:44:00'),
(781,'KUSUBIYAKTO','Laki-Laki','KUDUS',NULL,'2018-08-03 18:44:00'),
(782,'ADI','Laki-Laki','KUDUS',NULL,'2018-08-03 18:44:00'),
(783,'H. HANDOYO','Laki-Laki','KUDUS',NULL,'2018-08-03 18:44:00'),
(784,'NANDAR/LOGAM MULIA','Laki-Laki','KUDUS',NULL,'2018-08-03 18:44:00'),
(785,'PAK OLES / BP.ADI','Laki-Laki','KUDUS',NULL,'2018-08-03 18:44:00'),
(786,'RIANTO (PADANG)','Laki-Laki','KUDUS',NULL,'2018-08-03 18:44:00'),
(787,'BABE RM.CITRA MURIA','Laki-Laki','KUDUS',NULL,'2018-08-03 18:44:00'),
(788,'SUSILO','Laki-Laki','KUDUS',NULL,'2018-08-03 18:44:00'),
(789,'PUJO','Laki-Laki','KUDUS',NULL,'2018-08-03 18:44:00'),
(790,'IMAM WAHYUDI','Laki-Laki','KUDUS',NULL,'2018-08-03 18:44:00'),
(791,'ENDANG','Laki-Laki','KUDUS',NULL,'2018-08-03 18:44:00'),
(792,'SUBHAN','Laki-Laki','KUDUS',NULL,'2018-08-03 18:44:00'),
(793,'INDAH DJARUM','Laki-Laki','KUDUS',NULL,'2018-08-03 18:44:00'),
(794,'SUPRATMAN','Laki-Laki','KUDUS',NULL,'2018-08-03 18:44:00'),
(795,'KARSONO','Laki-Laki','KUDUS',NULL,'2018-08-03 18:44:00'),
(796,'MBAK NOVI','Laki-Laki','KUDUS',NULL,'2018-08-03 18:44:00'),
(797,'ANJAR PURNOMO','Laki-Laki','KUDUS',NULL,'2018-08-03 18:44:00'),
(798,'NOOR FALIQ','Laki-Laki','KUDUS',NULL,'2018-08-03 18:44:00'),
(799,'SUPONO','Laki-Laki','KUDUS',NULL,'2018-08-03 18:44:00'),
(800,'SONI','Laki-Laki','KUDUS',NULL,'2018-08-03 18:44:00'),
(801,'ARIEF','Laki-Laki','KUDUS',NULL,'2018-08-03 18:44:00'),
(802,'BU RIRIN','Laki-Laki','KUDUS',NULL,'2018-08-03 18:44:00'),
(803,'H. SUDADI','Laki-Laki','KUDUS',NULL,'2018-08-03 18:44:00'),
(804,'SHOLEH VESPA','Laki-Laki','KUDUS',NULL,'2018-08-03 18:44:00'),
(805,'H.SYAMSUBANAR','Laki-Laki','KUDUS',NULL,'2018-08-03 18:44:00'),
(806,'JAROH','Laki-Laki','KUDUS',NULL,'2018-08-03 18:44:00'),
(807,'EKO SANDIKA','Laki-Laki','KUDUS',NULL,'2018-08-03 18:44:00'),
(808,'KHUMIYATI','Laki-Laki','KUDUS',NULL,'2018-08-03 18:44:00'),
(809,'H.JALMAN','Laki-Laki','KUDUS',NULL,'2018-08-03 18:44:00'),
(810,'CRISTIAN','Laki-Laki','KUDUS',NULL,'2018-08-03 18:44:00'),
(811,'SUSANA','Laki-Laki','KUDUS',NULL,'2018-08-03 18:44:00'),
(812,'IBU SUWARDI','Laki-Laki','KUDUS',NULL,'2018-08-03 18:44:00'),
(813,'TAMSIR','Laki-Laki','KUDUS',NULL,'2018-08-03 18:44:00'),
(814,'HJ.SULASTRI','Laki-Laki','KUDUS',NULL,'2018-08-03 18:44:00'),
(815,'KAJI NOVA','Laki-Laki','KUDUS',NULL,'2018-08-03 18:44:00'),
(816,'RUPANGAT','Laki-Laki','KUDUS',NULL,'2018-08-03 18:44:00'),
(817,'RUMADI','Laki-Laki','KUDUS',NULL,'2018-08-03 18:44:00'),
(818,'BAMBANG VESPA','Laki-Laki','KUDUS',NULL,'2018-08-03 18:44:00'),
(819,'BAGIO','Laki-Laki','KUDUS',NULL,'2018-08-03 18:44:00'),
(820,'SISWANTO','Laki-Laki','KUDUS',NULL,'2018-08-03 18:44:00'),
(821,'PURWANTO','Laki-Laki','KUDUS',NULL,'2018-08-03 18:44:00'),
(822,'GATOT','Laki-Laki','KUDUS',NULL,'2018-08-03 18:44:00'),
(823,'LINA','Laki-Laki','KUDUS',NULL,'2018-08-03 18:44:00'),
(824,'TO\'AT RAMINTO (CUPLIS)','Laki-Laki','KUDUS',NULL,'2018-08-03 18:44:00'),
(825,'H.JAYADI','Laki-Laki','KUDUS',NULL,'2018-08-03 18:44:00'),
(826,'HJ.SUTINI','Laki-Laki','KUDUS',NULL,'2018-08-03 18:44:00'),
(827,'TATIK HARDIYATI','Laki-Laki','KUDUS',NULL,'2018-08-03 18:44:00'),
(828,'IBU NGATEMI','Laki-Laki','KUDUS',NULL,'2018-08-03 18:44:00'),
(829,'DAYAT','Laki-Laki','KUDUS',NULL,'2018-08-03 18:44:00'),
(830,'SUTRIS','Laki-Laki','KUDUS',NULL,'2018-08-03 18:44:00'),
(831,'IBU YETI ALM/MEWAKILI','Laki-Laki','KUDUS',NULL,'2018-08-03 18:44:00'),
(832,'SOLEKHAN / PERET','Laki-Laki','KUDUS',NULL,'2018-08-03 18:44:00'),
(833,'SANTO','Laki-Laki','KUDUS',NULL,'2018-08-03 18:44:00'),
(834,'SEGER','Laki-Laki','KUDUS',NULL,'2018-08-03 18:44:00'),
(835,'URIP','Laki-Laki','KUDUS',NULL,'2018-08-03 18:44:00'),
(836,'H.SUTRIS','Laki-Laki','KUDUS',NULL,'2018-08-03 18:44:00'),
(837,'YANTO','Laki-Laki','KUDUS',NULL,'2018-08-03 18:44:00'),
(838,'BANDI','Laki-Laki','KUDUS',NULL,'2018-08-03 18:44:00'),
(839,'HARNOTO','Laki-Laki','KUDUS',NULL,'2018-08-03 18:44:00'),
(840,'H.HENDRO','Laki-Laki','KUDUS',NULL,'2018-08-03 18:44:00'),
(841,'H.BADRI','Laki-Laki','KUDUS',NULL,'2018-08-03 18:44:00'),
(842,'IBU SITI SELAMET','Laki-Laki','KUDUS',NULL,'2018-08-03 18:44:00'),
(843,'EKO TUMARNO','Laki-Laki','KUDUS',NULL,'2018-08-03 18:44:00'),
(844,'PARYOTO','Laki-Laki','KUDUS',NULL,'2018-08-03 18:44:00'),
(845,'DODI SANTOSO','Laki-Laki','KUDUS',NULL,'2018-08-03 18:44:00'),
(846,'AS\'AT','Laki-Laki','KUDUS',NULL,'2018-08-03 18:44:00'),
(847,'NOOR ACHSAN','Laki-Laki','KUDUS',NULL,'2018-08-03 18:44:00'),
(848,'IBU SULASTRI','Laki-Laki','KUDUS',NULL,'2018-08-03 18:44:00'),
(849,'ROHMAN','Laki-Laki','KUDUS',NULL,'2018-08-03 18:44:00'),
(850,'PODO SOLICHIN / YG MEWAKILI','Laki-Laki','KUDUS',NULL,'2018-08-03 18:44:00'),
(851,'IBU HURI\'AH','Laki-Laki','KUDUS',NULL,'2018-08-03 18:44:00'),
(852,'ZAENURI','Laki-Laki','KUDUS',NULL,'2018-08-03 18:44:00'),
(853,'IBU SRI AYU','Laki-Laki','KUDUS',NULL,'2018-08-03 18:44:00'),
(854,'IBU KARTI','Laki-Laki','KUDUS',NULL,'2018-08-03 18:44:00'),
(855,'MARSIDI','Laki-Laki','KUDUS',NULL,'2018-08-03 18:44:00'),
(856,'RUMANI','Laki-Laki','KUDUS',NULL,'2018-08-03 18:44:00'),
(857,'SANTOSO','Laki-Laki','KUDUS',NULL,'2018-08-03 18:44:00'),
(858,'SUYITNO','Laki-Laki','KUDUS',NULL,'2018-08-03 18:44:00'),
(859,'MASHADI','Laki-Laki','KUDUS',NULL,'2018-08-03 18:44:00'),
(860,'MASKAN','Laki-Laki','KUDUS',NULL,'2018-08-03 18:44:00'),
(861,'H.SUWADI','Laki-Laki','KUDUS',NULL,'2018-08-03 18:44:00'),
(862,'ALI SHODIQUN','Laki-Laki','KUDUS',NULL,'2018-08-03 18:44:00'),
(863,'IBU RUBI\'ATUN/ YG MEWAKILI','Laki-Laki','KUDUS',NULL,'2018-08-03 18:44:00'),
(864,'HARTONO','Laki-Laki','KUDUS',NULL,'2018-08-03 18:44:00'),
(865,'KHUNDHORI','Laki-Laki','KUDUS',NULL,'2018-08-03 18:44:00'),
(866,'SARNI','Laki-Laki','KUDUS',NULL,'2018-08-03 18:44:00'),
(867,'ARWANI','Laki-Laki','KUDUS',NULL,'2018-08-03 18:44:00'),
(868,'AFDHOLI','Laki-Laki','KUDUS',NULL,'2018-08-03 18:44:00'),
(869,'SISWANTO','Laki-Laki','KUDUS',NULL,'2018-08-03 18:44:00'),
(870,'SUCIPTO','Laki-Laki','KUDUS',NULL,'2018-08-03 18:44:00'),
(871,'IBU MASKANAH','Laki-Laki','KUDUS',NULL,'2018-08-03 18:44:00'),
(872,'INDARIYANTO','Laki-Laki','KUDUS',NULL,'2018-08-03 18:44:00'),
(873,'ICHWAN','Laki-Laki','KUDUS',NULL,'2018-08-03 18:44:00'),
(874,'JUMIRAN','Laki-Laki','KUDUS',NULL,'2018-08-03 18:44:00'),
(875,'SULIKAN MODIN','Laki-Laki','KUDUS',NULL,'2018-08-03 18:44:00'),
(876,'PASIRAN','Laki-Laki','KUDUS',NULL,'2018-08-03 18:44:00'),
(877,'JAMA\'AH','Laki-Laki','KUDUS',NULL,'2018-08-03 18:44:00'),
(878,'KOSRIN','Laki-Laki','KUDUS',NULL,'2018-08-03 18:44:00'),
(879,'AGUS / NINI','Laki-Laki','KUDUS',NULL,'2018-08-03 18:44:00'),
(880,'IBU TITIK','Laki-Laki','KUDUS',NULL,'2018-08-03 18:44:00'),
(881,'MAS YOYOK','Laki-Laki','KUDUS',NULL,'2018-08-03 18:44:00'),
(882,'H. SYAFI\'I','Laki-Laki','KUDUS',NULL,'2018-08-03 18:44:00'),
(883,'H.ZARKONI','Laki-Laki','KUDUS',NULL,'2018-08-03 18:44:00'),
(884,'FAIZIN','Laki-Laki','KUDUS',NULL,'2018-08-03 18:44:00'),
(885,'H.SUYONO','Laki-Laki','KUDUS',NULL,'2018-08-03 18:44:00'),
(886,'IBU TATIK ARWAN','Laki-Laki','KUDUS',NULL,'2018-08-03 18:44:00'),
(887,'IBU SUSI / JOKO PITOYO','Laki-Laki','KUDUS',NULL,'2018-08-03 18:44:00'),
(888,'MAS WIWIT','Laki-Laki','KUDUS',NULL,'2018-08-03 18:44:00'),
(889,'BANGUN','Laki-Laki','KUDUS',NULL,'2018-08-03 18:44:00'),
(890,'H. ROFI\'I','Laki-Laki','KUDUS',NULL,'2018-08-03 18:44:00'),
(891,'MARSONO','Laki-Laki','KUDUS',NULL,'2018-08-03 18:44:00'),
(892,'H. RIDWAN','Laki-Laki','KUDUS',NULL,'2018-08-03 18:44:00'),
(893,'H.JAHURI','Laki-Laki','KUDUS',NULL,'2018-08-03 18:44:00'),
(894,'MUHAIMIN','Laki-Laki','KUDUS',NULL,'2018-08-03 18:44:00'),
(895,'RO\'UB','Laki-Laki','KUDUS',NULL,'2018-08-03 18:44:00'),
(896,'MASKOB','Laki-Laki','KUDUS',NULL,'2018-08-03 18:44:00'),
(897,'IBU SULAMI / YG MEAKILI','Laki-Laki','KUDUS',NULL,'2018-08-03 18:44:00'),
(898,'SUMANTRI','Laki-Laki','KUDUS',NULL,'2018-08-03 18:44:00'),
(899,'','Laki-Laki','KUDUS',NULL,'2018-08-03 18:44:00'),
(900,'JUPRI TUKANG','Laki-Laki','KUDUS',NULL,'2018-08-03 18:44:00'),
(901,'HANIF','Laki-Laki','KUDUS',NULL,'2018-08-03 18:44:00'),
(902,'ANWAR','Laki-Laki','KUDUS',NULL,'2018-08-03 18:44:00'),
(903,'UNYIL','Laki-Laki','KUDUS',NULL,'2018-08-03 18:44:00'),
(904,'PRAYIT','Laki-Laki','KUDUS',NULL,'2018-08-03 18:44:00'),
(905,'FAIQ','Laki-Laki','KUDUS',NULL,'2018-08-03 18:44:00'),
(906,'SELAMET','Laki-Laki','KUDUS',NULL,'2018-08-03 18:44:00'),
(907,'HASBULLAH BIN K.H A BAKRI','Laki-Laki','KUDUS',NULL,'2018-08-03 18:44:00'),
(908,'SUPARNO / JATI BANGUN','Laki-Laki','KUDUS',NULL,'2018-08-03 18:44:00'),
(909,'TAMAM','Laki-Laki','KUDUS',NULL,'2018-08-03 18:44:00'),
(910,'SUTOPO / SITI AISYAH','Laki-Laki','KUDUS',NULL,'2018-08-03 18:44:00'),
(911,'HJ.SRI TUGU','Laki-Laki','KUDUS',NULL,'2018-08-03 18:44:00'),
(912,'UMI KALSUM','Laki-Laki','KUDUS',NULL,'2018-08-03 18:44:00'),
(913,'SHOLEH','Laki-Laki','KUDUS',NULL,'2018-08-03 18:44:00'),
(914,'H. SUBCHAN','Laki-Laki','KUDUS',NULL,'2018-08-03 18:44:00'),
(915,'H. RONDI','Laki-Laki','KUDUS',NULL,'2018-08-03 18:44:00'),
(916,'MUSLIH','Laki-Laki','KUDUS',NULL,'2018-08-03 18:44:00'),
(917,'KHOIRI','Laki-Laki','KUDUS',NULL,'2018-08-03 18:44:00'),
(918,'MBAK HETY','Laki-Laki','KUDUS',NULL,'2018-08-03 18:44:00'),
(919,'SA\'ID','Laki-Laki','KUDUS',NULL,'2018-08-03 18:44:00'),
(920,'SUKARDI','Laki-Laki','KUDUS',NULL,'2018-08-03 18:44:00'),
(921,'FAQIH','Laki-Laki','KUDUS',NULL,'2018-08-03 18:44:00'),
(922,'KASTI','Laki-Laki','KUDUS',NULL,'2018-08-03 18:44:00'),
(923,'JASMI','Laki-Laki','KUDUS',NULL,'2018-08-03 18:44:00'),
(924,'KUSNIN','Laki-Laki','KUDUS',NULL,'2018-08-03 18:44:00'),
(925,'DRS.SUDIRMAN','Laki-Laki','KUDUS',NULL,'2018-08-03 18:44:00'),
(926,'H.SUGIARTO','Laki-Laki','KUDUS',NULL,'2018-08-03 18:44:00'),
(927,'MOCH HARI ANUGRAH','Laki-Laki','KUDUS',NULL,'2018-08-03 18:44:00'),
(928,'YUDI','Laki-Laki','KUDUS',NULL,'2018-08-03 18:44:00'),
(929,'ZUHRI','Laki-Laki','KUDUS',NULL,'2018-08-03 18:44:00'),
(930,'SUPARNO / TUKANG','Laki-Laki','KUDUS',NULL,'2018-08-03 18:44:00'),
(931,'MAS ZAENAL','Laki-Laki','KUDUS',NULL,'2018-08-03 18:44:00'),
(932,'ARI WIBOWO','Laki-Laki','KUDUS',NULL,'2018-08-03 18:44:00'),
(933,'SUKRON','Laki-Laki','KUDUS',NULL,'2018-08-03 18:44:00'),
(934,'H. MA\'RUF','Laki-Laki','KUDUS',NULL,'2018-08-03 18:44:00'),
(935,'H.SINUNG MUKHSIN','Laki-Laki','KUDUS',NULL,'2018-08-03 18:44:00'),
(936,'IBU SAROPAH','Laki-Laki','KUDUS',NULL,'2018-08-03 18:44:00'),
(937,'MBAK FAUZIAH','Laki-Laki','KUDUS',NULL,'2018-08-03 18:44:00'),
(938,'H.ANSHORI','Laki-Laki','KUDUS',NULL,'2018-08-03 18:44:00'),
(939,'SUPRIYONO','Laki-Laki','KUDUS',NULL,'2018-08-03 18:44:00'),
(940,'TAUFIK','Laki-Laki','KUDUS',NULL,'2018-08-03 18:44:00'),
(941,'SUKAMTO','Laki-Laki','KUDUS',NULL,'2018-08-03 18:44:00'),
(942,'PRIYO TRIYANTO','Laki-Laki','KUDUS',NULL,'2018-08-03 18:44:00'),
(943,'IBU PARTI','Laki-Laki','KUDUS',NULL,'2018-08-03 18:44:00'),
(944,'AHMADI','Laki-Laki','KUDUS',NULL,'2018-08-03 18:44:00'),
(945,'SUTOMO','Laki-Laki','KUDUS',NULL,'2018-08-03 18:44:00'),
(946,'JARWO','Laki-Laki','KUDUS',NULL,'2018-08-03 18:44:00'),
(947,'PUR / NARTI','Laki-Laki','KUDUS',NULL,'2018-08-03 18:44:00'),
(948,'HARNI','Laki-Laki','KUDUS',NULL,'2018-08-03 18:44:00'),
(949,'MUDRIKAH','Laki-Laki','KUDUS',NULL,'2018-08-03 18:44:00'),
(950,'SULIS','Laki-Laki','KUDUS',NULL,'2018-08-03 18:44:00'),
(951,'BANDI','Laki-Laki','KUDUS',NULL,'2018-08-03 18:44:00'),
(952,'NASRI','Laki-Laki','KUDUS',NULL,'2018-08-03 18:44:00'),
(953,'SELAMET HARIYANTO','Laki-Laki','KUDUS',NULL,'2018-08-03 18:44:00'),
(954,'SAPUAN','Laki-Laki','KUDUS',NULL,'2018-08-03 18:44:00'),
(955,'BURHAN','Laki-Laki','KUDUS',NULL,'2018-08-03 18:44:00'),
(956,'KANG ALI','Laki-Laki','KUDUS',NULL,'2018-08-03 18:44:00'),
(957,'KASMADI','Laki-Laki','KUDUS',NULL,'2018-08-03 18:44:00'),
(958,'SOLEKHAN /MBAH PAN','Laki-Laki','KUDUS',NULL,'2018-08-03 18:44:00'),
(959,'SITI SHOFIYAH','Laki-Laki','KUDUS',NULL,'2018-08-03 18:44:00'),
(960,'SUGIARTI','Laki-Laki','KUDUS',NULL,'2018-08-03 18:44:00'),
(961,'SUTOMO','Laki-Laki','KUDUS',NULL,'2018-08-03 18:44:00'),
(962,'EVIE PRAVITA SARI','Laki-Laki','KUDUS',NULL,'2018-08-03 18:44:00'),
(963,'INDAH PURWANTI','Laki-Laki','KUDUS',NULL,'2018-08-03 18:44:00'),
(964,'AZKA FAHMI','Laki-Laki','KUDUS',NULL,'2018-08-03 18:44:00'),
(965,'SHINTA ERLITA RAHMAWATI','Laki-Laki','KUDUS',NULL,'2018-08-03 18:44:00'),
(966,'YUNITA ARYANI','Laki-Laki','KUDUS',NULL,'2018-08-03 18:44:00'),
(967,'HERI SULISTIYAWAN','Laki-Laki','KUDUS',NULL,'2018-08-03 18:44:00'),
(968,'ABDUL GHONI','Laki-Laki','KUDUS',NULL,'2018-08-03 18:44:00'),
(969,'NOOR KHASANAH','Laki-Laki','KUDUS',NULL,'2018-08-03 18:44:00'),
(970,'NOOR MILA','Laki-Laki','KUDUS',NULL,'2018-08-03 18:44:00'),
(971,'M. KARIM','Laki-Laki','KUDUS',NULL,'2018-08-03 18:44:00'),
(972,'SRI ISMAWATI','Laki-Laki','KUDUS',NULL,'2018-08-03 18:44:00'),
(973,'MARTONO','Laki-Laki','KUDUS',NULL,'2018-08-03 18:44:00'),
(974,'KHUDIOTUN NAFI\'AH','Laki-Laki','KUDUS',NULL,'2018-08-03 18:44:00'),
(975,'MAYA ULIFAH F','Laki-Laki','KUDUS',NULL,'2018-08-03 18:44:00'),
(976,'UNTUNG MARDIYANTO','Laki-Laki','KUDUS',NULL,'2018-08-03 18:44:00'),
(977,'BP. YAKOB','Laki-Laki','KUDUS',NULL,'2018-08-03 18:44:00'),
(978,'PAK DI TAHU GIMBAL','Laki-Laki','KUDUS',NULL,'2018-08-03 18:44:00'),
(979,'MAS DAVIQ NGECRAK','Laki-Laki','KUDUS',NULL,'2018-08-03 18:44:00'),
(980,'KISWANTORO','Laki-Laki','KUDUS',NULL,'2018-08-03 18:44:00'),
(981,'KARYO ACONK','Laki-Laki','KUDUS',NULL,'2018-08-03 18:44:00'),
(982,'CINK','Laki-Laki','KUDUS',NULL,'2018-08-03 18:44:00'),
(983,'MARTONO (PAK NTUS)','Laki-Laki','KUDUS',NULL,'2018-08-03 18:44:00'),
(984,'H. SUDJATNO','Laki-Laki','KUDUS',NULL,'2018-08-03 18:44:00'),
(985,'DRS H. SUHARI','Laki-Laki','KUDUS',NULL,'2018-08-03 18:44:00'),
(986,'ALEX FAHMI','Laki-Laki','KUDUS',NULL,'2018-08-03 18:44:00'),
(987,'MAFTUKHAN','Laki-Laki','KUDUS',NULL,'2018-08-03 18:44:00'),
(988,'ROFIQ HIDAYAT','Laki-Laki','KUDUS',NULL,'2018-08-03 18:44:00'),
(989,'FATKHUROHMAN','Laki-Laki','KUDUS',NULL,'2018-08-03 18:44:00'),
(990,'ROMADHON','Laki-Laki','KUDUS',NULL,'2018-08-03 18:44:00'),
(991,'ROSYID','Laki-Laki','KUDUS',NULL,'2018-08-03 18:44:00'),
(992,'FREDDY ARDIYANTO','Laki-Laki','KUDUS',NULL,'2018-08-03 18:44:00'),
(993,'TULISTIYONO','Laki-Laki','KUDUS',NULL,'2018-08-03 18:44:00'),
(994,'BAMBANG HUSNI J','Laki-Laki','KUDUS',NULL,'2018-08-03 18:44:00'),
(995,'SLAMET WIBOWO','Laki-Laki','KUDUS',NULL,'2018-08-03 18:44:00'),
(996,'SUYADI','Laki-Laki','KUDUS',NULL,'2018-08-03 18:44:00'),
(997,'SUGIYONO','Laki-Laki','KUDUS',NULL,'2018-08-03 18:44:00'),
(998,'MBAH GITO','Laki-Laki','KUDUS',NULL,'2018-08-03 18:44:00'),
(999,'MAS AGUS','Laki-Laki','KUDUS',NULL,'2018-08-03 18:44:00'),
(1000,'DIBYO','Laki-Laki','KUDUS',NULL,'2018-08-03 18:44:00'),
(1001,'SANDUNG','Laki-Laki','KUDUS',NULL,'2018-08-03 18:44:00'),
(1002,'TUGINO BPN','Laki-Laki','KUDUS',NULL,'2018-08-03 18:44:00'),
(1003,'MASTUR BPN','Laki-Laki','KUDUS',NULL,'2018-08-03 18:44:00'),
(1004,'H. TUKIMIN','Laki-Laki','KUDUS',NULL,'2018-08-03 18:44:00'),
(1005,'NOOR ATIFAH','Laki-Laki','KUDUS',NULL,'2018-08-03 18:44:00'),
(1006,'BP.KARMAN','Laki-Laki','KUDUS',NULL,'2018-08-03 18:44:00'),
(1007,'CHASIN','Laki-Laki','KUDUS',NULL,'2018-08-03 18:44:00'),
(1008,'H. KASRUM','Laki-Laki','KUDUS',NULL,'2018-08-03 18:44:00'),
(1009,'MBAK LASTRI','Laki-Laki','KUDUS',NULL,'2018-08-03 18:44:00'),
(1010,'TEJO EMPAT K','Laki-Laki','KUDUS',NULL,'2018-08-03 18:44:00'),
(1011,'FIKRI','Laki-Laki','KUDUS',NULL,'2018-08-03 18:44:00'),
(1012,'WAFI BANDAR TRISULA','Laki-Laki','KUDUS',NULL,'2018-08-03 18:44:00'),
(1013,'NAFIS SMK','Laki-Laki','KUDUS',NULL,'2018-08-03 18:44:00'),
(1014,'RISKA SMK','Laki-Laki','KUDUS',NULL,'2018-08-03 18:44:00'),
(1015,'BUDHE NANIK','Laki-Laki','KUDUS',NULL,'2018-08-03 18:44:00'),
(1016,'BUDHE NUNUK','Laki-Laki','KUDUS',NULL,'2018-08-03 18:44:00'),
(1017,'BU IDA (IDAZ DECORATION)','Laki-Laki','KUDUS',NULL,'2018-08-03 18:44:00'),
(1018,'MUQOODAS','Laki-Laki','KUDUS',NULL,'2018-08-03 18:44:00'),
(1019,'IPDA EFENDY','Laki-Laki','KUDUS',NULL,'2018-08-03 18:44:00'),
(1020,'IDA PROVOS','Laki-Laki','KUDUS',NULL,'2018-08-03 18:44:00'),
(1021,'MAS DZAKIR SETARA','Laki-Laki','KUDUS',NULL,'2018-08-03 18:44:00'),
(1022,'ROCHIM SUTOPO','Laki-Laki','KUDUS',NULL,'2018-08-03 18:44:00'),
(1023,'MAS RONDI PANEL','Laki-Laki','KUDUS',NULL,'2018-08-03 18:44:00'),
(1024,'JADI KARYA AC','Laki-Laki','KUDUS',NULL,'2018-08-03 18:44:00'),
(1025,'YONO PONDOK BUNGA','Laki-Laki','KUDUS',NULL,'2018-08-03 18:44:00'),
(1026,'SARYON','Laki-Laki','KUDUS',NULL,'2018-08-03 18:44:00'),
(1027,'H. VICKA','Laki-Laki','KUDUS',NULL,'2018-08-03 18:44:00'),
(1028,'DRG. WILDAN','Laki-Laki','KUDUS',NULL,'2018-08-03 18:44:00'),
(1029,'MAS GONO','Laki-Laki','KUDUS',NULL,'2018-08-03 18:44:00'),
(1030,'MAS AFI\'','Laki-Laki','KUDUS',NULL,'2018-08-03 18:44:00');

/*Table structure for table `guest_invite` */

DROP TABLE IF EXISTS `guest_invite`;

CREATE TABLE `guest_invite` (
  `invite_id` int(10) NOT NULL AUTO_INCREMENT,
  `invite_code` varchar(20) NOT NULL COMMENT 'Barcode',
  `table_id` int(2) NOT NULL,
  `family_id` int(10) NOT NULL,
  `invite_count` int(2) NOT NULL DEFAULT '0',
  `invite_update` datetime NOT NULL,
  PRIMARY KEY (`invite_id`),
  KEY `table_id` (`table_id`),
  KEY `family_id` (`family_id`),
  CONSTRAINT `guest_invite_ibfk_1` FOREIGN KEY (`table_id`) REFERENCES `guest_table` (`table_id`),
  CONSTRAINT `guest_invite_ibfk_2` FOREIGN KEY (`family_id`) REFERENCES `guest_family` (`family_id`)
) ENGINE=InnoDB AUTO_INCREMENT=1031 DEFAULT CHARSET=latin1;

/*Data for the table `guest_invite` */

insert  into `guest_invite`(`invite_id`,`invite_code`,`table_id`,`family_id`,`invite_count`,`invite_update`) values 
(1,'0001',2,1,2,'2018-08-03 18:44:00'),
(2,'0002',2,2,4,'2018-08-03 18:44:00'),
(3,'0003',2,3,2,'2018-08-03 18:44:00'),
(4,'0004',2,4,2,'2018-08-03 18:44:00'),
(5,'0005',2,5,1,'2018-08-03 18:44:00'),
(6,'0006',2,6,1,'2018-08-03 18:44:00'),
(7,'0007',2,7,2,'2018-08-03 18:44:00'),
(8,'0008',2,8,5,'2018-08-03 18:44:00'),
(9,'0009',2,9,4,'2018-08-03 18:44:00'),
(10,'0010',2,10,4,'2018-08-03 18:44:00'),
(11,'0011',2,11,4,'2018-08-03 18:44:00'),
(12,'0012',2,12,4,'2018-08-03 18:44:00'),
(13,'0013',2,13,3,'2018-08-03 18:44:00'),
(14,'0014',2,14,4,'2018-08-03 18:44:00'),
(15,'0015',2,15,2,'2018-08-03 18:44:00'),
(16,'0016',2,16,2,'2018-08-03 18:44:00'),
(17,'0017',2,17,5,'2018-08-03 18:44:00'),
(18,'0018',2,18,3,'2018-08-03 18:44:00'),
(19,'0019',2,19,3,'2018-08-03 18:44:00'),
(20,'0020',2,20,3,'2018-08-03 18:44:00'),
(21,'0021',2,21,3,'2018-08-03 18:44:00'),
(22,'0022',2,22,3,'2018-08-03 18:44:00'),
(23,'0023',2,23,2,'2018-08-03 18:44:00'),
(24,'0024',2,24,2,'2018-08-03 18:44:00'),
(25,'0025',2,25,2,'2018-08-03 18:44:00'),
(26,'0026',2,26,2,'2018-08-03 18:44:00'),
(27,'0027',2,27,2,'2018-08-03 18:44:00'),
(28,'0028',2,28,3,'2018-08-03 18:44:00'),
(29,'0029',2,29,4,'2018-08-03 18:44:00'),
(30,'0030',2,30,3,'2018-08-03 18:44:00'),
(31,'0031',2,31,2,'2018-08-03 18:44:00'),
(32,'0032',2,32,2,'2018-08-03 18:44:00'),
(33,'0033',2,33,2,'2018-08-03 18:44:00'),
(34,'0034',2,34,2,'2018-08-03 18:44:00'),
(35,'0035',2,35,2,'2018-08-03 18:44:00'),
(36,'0036',2,36,2,'2018-08-03 18:44:00'),
(37,'0037',2,37,2,'2018-08-03 18:44:00'),
(38,'0038',2,38,2,'2018-08-03 18:44:00'),
(39,'0039',2,39,2,'2018-08-03 18:44:00'),
(40,'0040',2,40,2,'2018-08-03 18:44:00'),
(41,'0041',2,41,2,'2018-08-03 18:44:00'),
(42,'0042',2,42,2,'2018-08-03 18:44:00'),
(43,'0043',2,43,2,'2018-08-03 18:44:00'),
(44,'0044',2,44,2,'2018-08-03 18:44:00'),
(45,'0045',2,45,2,'2018-08-03 18:44:00'),
(46,'0046',2,46,2,'2018-08-03 18:44:00'),
(47,'0047',2,47,2,'2018-08-03 18:44:00'),
(48,'0048',2,48,2,'2018-08-03 18:44:00'),
(49,'0049',2,49,2,'2018-08-03 18:44:00'),
(50,'0050',2,50,2,'2018-08-03 18:44:00'),
(51,'0051',2,51,2,'2018-08-03 18:44:00'),
(52,'0052',2,52,2,'2018-08-03 18:44:00'),
(53,'0053',2,53,2,'2018-08-03 18:44:00'),
(54,'0054',2,54,2,'2018-08-03 18:44:00'),
(55,'0055',4,55,5,'2018-08-03 18:44:00'),
(56,'0056',4,56,5,'2018-08-03 18:44:00'),
(57,'0057',4,57,4,'2018-08-03 18:44:00'),
(58,'0058',4,58,5,'2018-08-03 18:44:00'),
(59,'0059',4,59,3,'2018-08-03 18:44:00'),
(60,'0060',4,60,4,'2018-08-03 18:44:00'),
(61,'0061',4,61,3,'2018-08-03 18:44:00'),
(62,'0062',4,62,4,'2018-08-03 18:44:00'),
(63,'0063',4,63,5,'2018-08-03 18:44:00'),
(64,'0064',4,64,5,'2018-08-03 18:44:00'),
(65,'0065',4,65,4,'2018-08-03 18:44:00'),
(66,'0066',4,66,2,'2018-08-03 18:44:00'),
(67,'0067',4,67,4,'2018-08-03 18:44:00'),
(68,'0068',4,68,2,'2018-08-03 18:44:00'),
(69,'0069',4,69,4,'2018-08-03 18:44:00'),
(70,'0070',4,70,3,'2018-08-03 18:44:00'),
(71,'0071',4,71,2,'2018-08-03 18:44:00'),
(72,'0072',4,72,2,'2018-08-03 18:44:00'),
(73,'0073',4,73,2,'2018-08-03 18:44:00'),
(74,'0074',4,74,2,'2018-08-03 18:44:00'),
(75,'0075',4,75,2,'2018-08-03 18:44:00'),
(76,'0076',4,76,2,'2018-08-03 18:44:00'),
(77,'0077',4,77,2,'2018-08-03 18:44:00'),
(78,'0078',4,78,2,'2018-08-03 18:44:00'),
(79,'0079',4,79,3,'2018-08-03 18:44:00'),
(80,'0080',4,80,2,'2018-08-03 18:44:00'),
(81,'0081',4,81,2,'2018-08-03 18:44:00'),
(82,'0082',4,82,2,'2018-08-03 18:44:00'),
(83,'0083',4,83,2,'2018-08-03 18:44:00'),
(84,'0084',4,84,2,'2018-08-03 18:44:00'),
(85,'0085',4,85,2,'2018-08-03 18:44:00'),
(86,'0086',4,86,2,'2018-08-03 18:44:00'),
(87,'0087',4,87,2,'2018-08-03 18:44:00'),
(88,'0088',4,88,2,'2018-08-03 18:44:00'),
(89,'0089',4,89,2,'2018-08-03 18:44:00'),
(90,'0090',4,90,2,'2018-08-03 18:44:00'),
(91,'0091',4,91,2,'2018-08-03 18:44:00'),
(92,'0107',8,92,3,'2018-08-03 18:44:00'),
(93,'0108',8,93,3,'2018-08-03 18:44:00'),
(94,'0109',8,94,3,'2018-08-03 18:44:00'),
(95,'0110',8,95,2,'2018-08-03 18:44:00'),
(96,'0111',8,96,5,'2018-08-03 18:44:00'),
(97,'0112',8,97,2,'2018-08-03 18:44:00'),
(98,'0113',8,98,3,'2018-08-03 18:44:00'),
(99,'0114',8,99,3,'2018-08-03 18:44:00'),
(100,'0115',8,100,3,'2018-08-03 18:44:00'),
(101,'0116',8,101,3,'2018-08-03 18:44:00'),
(102,'0117',8,102,1,'2018-08-03 18:44:00'),
(103,'0118',8,103,2,'2018-08-03 18:44:00'),
(104,'0119',8,104,3,'2018-08-03 18:44:00'),
(105,'0120',8,105,2,'2018-08-03 18:44:00'),
(106,'0121',8,106,2,'2018-08-03 18:44:00'),
(107,'0122',8,107,2,'2018-08-03 18:44:00'),
(108,'0123',8,108,5,'2018-08-03 18:44:00'),
(109,'0124',8,109,3,'2018-08-03 18:44:00'),
(110,'0125',8,110,3,'2018-08-03 18:44:00'),
(111,'0126',8,111,3,'2018-08-03 18:44:00'),
(112,'0127',8,112,2,'2018-08-03 18:44:00'),
(113,'0128',8,113,2,'2018-08-03 18:44:00'),
(114,'0129',8,114,2,'2018-08-03 18:44:00'),
(115,'0130',8,115,5,'2018-08-03 18:44:00'),
(116,'0131',8,116,3,'2018-08-03 18:44:00'),
(117,'0132',8,117,2,'2018-08-03 18:44:00'),
(118,'0133',8,118,3,'2018-08-03 18:44:00'),
(119,'0134',8,119,2,'2018-08-03 18:44:00'),
(120,'0135',8,120,2,'2018-08-03 18:44:00'),
(121,'0136',8,121,2,'2018-08-03 18:44:00'),
(122,'0137',8,122,2,'2018-08-03 18:44:00'),
(123,'0138',8,123,2,'2018-08-03 18:44:00'),
(124,'0139',8,124,2,'2018-08-03 18:44:00'),
(125,'0140',8,125,2,'2018-08-03 18:44:00'),
(126,'0141',8,126,2,'2018-08-03 18:44:00'),
(127,'0142',8,127,2,'2018-08-03 18:44:00'),
(128,'0143',8,128,2,'2018-08-03 18:44:00'),
(129,'0144',8,129,2,'2018-08-03 18:44:00'),
(130,'0145',8,130,2,'2018-08-03 18:44:00'),
(131,'0146',8,131,2,'2018-08-03 18:44:00'),
(132,'0147',8,132,2,'2018-08-03 18:44:00'),
(133,'0148',8,133,2,'2018-08-03 18:44:00'),
(134,'0149',8,134,2,'2018-08-03 18:44:00'),
(135,'0150',8,135,2,'2018-08-03 18:44:00'),
(136,'0151',8,136,2,'2018-08-03 18:44:00'),
(137,'0152',8,137,3,'2018-08-03 18:44:00'),
(138,'0153',8,138,3,'2018-08-03 18:44:00'),
(139,'0154',8,139,3,'2018-08-03 18:44:00'),
(140,'0155',8,140,2,'2018-08-03 18:44:00'),
(141,'0156',8,141,2,'2018-08-03 18:44:00'),
(142,'0157',8,142,3,'2018-08-03 18:44:00'),
(143,'0158',8,143,2,'2018-08-03 18:44:00'),
(144,'0159',8,144,0,'2018-08-03 18:44:00'),
(145,'0160',8,145,2,'2018-08-03 18:44:00'),
(146,'0161',8,146,2,'2018-08-03 18:44:00'),
(147,'0162',8,147,2,'2018-08-03 18:44:00'),
(148,'0163',8,148,2,'2018-08-03 18:44:00'),
(149,'0164',8,149,3,'2018-08-03 18:44:00'),
(150,'0165',8,150,2,'2018-08-03 18:44:00'),
(151,'0166',8,151,2,'2018-08-03 18:44:00'),
(152,'0167',8,152,2,'2018-08-03 18:44:00'),
(153,'0168',8,153,2,'2018-08-03 18:44:00'),
(154,'0169',8,154,2,'2018-08-03 18:44:00'),
(155,'0170',8,155,2,'2018-08-03 18:44:00'),
(156,'0171',8,156,2,'2018-08-03 18:44:00'),
(157,'0172',8,157,3,'2018-08-03 18:44:00'),
(158,'0173',8,158,2,'2018-08-03 18:44:00'),
(159,'0174',8,159,2,'2018-08-03 18:44:00'),
(160,'0175',8,160,2,'2018-08-03 18:44:00'),
(161,'0176',8,161,2,'2018-08-03 18:44:00'),
(162,'0177',8,162,4,'2018-08-03 18:44:00'),
(163,'0178',8,163,3,'2018-08-03 18:44:00'),
(164,'0179',8,164,3,'2018-08-03 18:44:00'),
(165,'0180',8,165,2,'2018-08-03 18:44:00'),
(166,'0181',8,166,3,'2018-08-03 18:44:00'),
(167,'0182',8,167,4,'2018-08-03 18:44:00'),
(168,'0183',8,168,2,'2018-08-03 18:44:00'),
(169,'0184',8,169,2,'2018-08-03 18:44:00'),
(170,'0185',8,170,2,'2018-08-03 18:44:00'),
(171,'0186',8,171,2,'2018-08-03 18:44:00'),
(172,'0187',8,172,2,'2018-08-03 18:44:00'),
(173,'0188',8,173,2,'2018-08-03 18:44:00'),
(174,'0189',8,174,2,'2018-08-03 18:44:00'),
(175,'0190',8,175,2,'2018-08-03 18:44:00'),
(176,'0191',8,176,3,'2018-08-03 18:44:00'),
(177,'0192',8,177,3,'2018-08-03 18:44:00'),
(178,'0193',8,178,2,'2018-08-03 18:44:00'),
(179,'0194',3,179,2,'2018-08-03 18:44:00'),
(180,'0195',3,180,2,'2018-08-03 18:44:00'),
(181,'0196',3,181,2,'2018-08-03 18:44:00'),
(182,'0197',3,182,2,'2018-08-03 18:44:00'),
(183,'0198',3,183,2,'2018-08-03 18:44:00'),
(184,'0199',3,184,2,'2018-08-03 18:44:00'),
(185,'0200',3,185,2,'2018-08-03 18:44:00'),
(186,'0201',3,186,2,'2018-08-03 18:44:00'),
(187,'0202',3,187,2,'2018-08-03 18:44:00'),
(188,'0203',3,188,2,'2018-08-03 18:44:00'),
(189,'0204',3,189,2,'2018-08-03 18:44:00'),
(190,'0205',3,190,2,'2018-08-03 18:44:00'),
(191,'0206',3,191,2,'2018-08-03 18:44:00'),
(192,'0207',3,192,2,'2018-08-03 18:44:00'),
(193,'0208',3,193,2,'2018-08-03 18:44:00'),
(194,'0209',3,194,2,'2018-08-03 18:44:00'),
(195,'0210',3,195,2,'2018-08-03 18:44:00'),
(196,'0211',3,196,2,'2018-08-03 18:44:00'),
(197,'0212',3,197,2,'2018-08-03 18:44:00'),
(198,'0213',3,198,2,'2018-08-03 18:44:00'),
(199,'0214',3,199,2,'2018-08-03 18:44:00'),
(200,'0215',3,200,2,'2018-08-03 18:44:00'),
(201,'0216',3,201,2,'2018-08-03 18:44:00'),
(202,'0217',3,202,2,'2018-08-03 18:44:00'),
(203,'0218',3,203,2,'2018-08-03 18:44:00'),
(204,'0219',3,204,2,'2018-08-03 18:44:00'),
(205,'0220',3,205,2,'2018-08-03 18:44:00'),
(206,'0221',3,206,2,'2018-08-03 18:44:00'),
(207,'0222',3,207,2,'2018-08-03 18:44:00'),
(208,'0223',3,208,2,'2018-08-03 18:44:00'),
(209,'0224',3,209,2,'2018-08-03 18:44:00'),
(210,'0225',3,210,2,'2018-08-03 18:44:00'),
(211,'0226',7,211,2,'2018-08-03 18:44:00'),
(212,'0227',7,212,2,'2018-08-03 18:44:00'),
(213,'0228',7,213,2,'2018-08-03 18:44:00'),
(214,'0229',7,214,2,'2018-08-03 18:44:00'),
(215,'0230',7,215,2,'2018-08-03 18:44:00'),
(216,'0231',7,216,2,'2018-08-03 18:44:00'),
(217,'0232',7,217,2,'2018-08-03 18:44:00'),
(218,'0233',7,218,2,'2018-08-03 18:44:00'),
(219,'0234',7,219,2,'2018-08-03 18:44:00'),
(220,'0235',7,220,2,'2018-08-03 18:44:00'),
(221,'0236',7,221,2,'2018-08-03 18:44:00'),
(222,'0237',7,222,2,'2018-08-03 18:44:00'),
(223,'0238',7,223,2,'2018-08-03 18:44:00'),
(224,'0239',7,224,2,'2018-08-03 18:44:00'),
(225,'0240',7,225,2,'2018-08-03 18:44:00'),
(226,'0241',7,226,2,'2018-08-03 18:44:00'),
(227,'0242',7,227,2,'2018-08-03 18:44:00'),
(228,'0243',7,228,2,'2018-08-03 18:44:00'),
(229,'0244',7,229,2,'2018-08-03 18:44:00'),
(230,'0245',7,230,2,'2018-08-03 18:44:00'),
(231,'0246',7,231,2,'2018-08-03 18:44:00'),
(232,'0247',7,232,2,'2018-08-03 18:44:00'),
(233,'0248',7,233,2,'2018-08-03 18:44:00'),
(234,'0249',7,234,2,'2018-08-03 18:44:00'),
(235,'0250',7,235,2,'2018-08-03 18:44:00'),
(236,'0251',7,236,2,'2018-08-03 18:44:00'),
(237,'0252',7,237,2,'2018-08-03 18:44:00'),
(238,'0253',7,238,2,'2018-08-03 18:44:00'),
(239,'0254',7,239,2,'2018-08-03 18:44:00'),
(240,'0255',7,240,2,'2018-08-03 18:44:00'),
(241,'0256',7,241,2,'2018-08-03 18:44:00'),
(242,'0257',7,242,2,'2018-08-03 18:44:00'),
(243,'0258',7,243,2,'2018-08-03 18:44:00'),
(244,'0259',7,244,2,'2018-08-03 18:44:00'),
(245,'0260',7,245,2,'2018-08-03 18:44:00'),
(246,'0261',7,246,2,'2018-08-03 18:44:00'),
(247,'0262',7,247,2,'2018-08-03 18:44:00'),
(248,'0263',7,248,2,'2018-08-03 18:44:00'),
(249,'0264',7,249,2,'2018-08-03 18:44:00'),
(250,'0265',7,250,2,'2018-08-03 18:44:00'),
(251,'0266',7,251,2,'2018-08-03 18:44:00'),
(252,'0267',7,252,2,'2018-08-03 18:44:00'),
(253,'0268',7,253,2,'2018-08-03 18:44:00'),
(254,'0269',7,254,2,'2018-08-03 18:44:00'),
(255,'0270',7,255,2,'2018-08-03 18:44:00'),
(256,'0271',7,256,2,'2018-08-03 18:44:00'),
(257,'0272',7,257,2,'2018-08-03 18:44:00'),
(258,'0273',7,258,2,'2018-08-03 18:44:00'),
(259,'0274',7,259,2,'2018-08-03 18:44:00'),
(260,'0275',7,260,2,'2018-08-03 18:44:00'),
(261,'0276',7,261,2,'2018-08-03 18:44:00'),
(262,'0277',7,262,2,'2018-08-03 18:44:00'),
(263,'0278',7,263,2,'2018-08-03 18:44:00'),
(264,'0279',7,264,2,'2018-08-03 18:44:00'),
(265,'0280',7,265,2,'2018-08-03 18:44:00'),
(266,'0281',7,266,2,'2018-08-03 18:44:00'),
(267,'0282',7,267,2,'2018-08-03 18:44:00'),
(268,'0283',7,268,2,'2018-08-03 18:44:00'),
(269,'0284',7,269,2,'2018-08-03 18:44:00'),
(270,'0285',7,270,2,'2018-08-03 18:44:00'),
(271,'0286',7,271,2,'2018-08-03 18:44:00'),
(272,'0287',7,272,2,'2018-08-03 18:44:00'),
(273,'0288',7,273,2,'2018-08-03 18:44:00'),
(274,'0289',7,274,2,'2018-08-03 18:44:00'),
(275,'0290',7,275,2,'2018-08-03 18:44:00'),
(276,'0291',7,276,2,'2018-08-03 18:44:00'),
(277,'0292',7,277,2,'2018-08-03 18:44:00'),
(278,'0293',7,278,2,'2018-08-03 18:44:00'),
(279,'0294',7,279,2,'2018-08-03 18:44:00'),
(280,'0295',7,280,2,'2018-08-03 18:44:00'),
(281,'0296',7,281,2,'2018-08-03 18:44:00'),
(282,'0297',7,282,2,'2018-08-03 18:44:00'),
(283,'0298',7,283,2,'2018-08-03 18:44:00'),
(284,'0299',7,284,2,'2018-08-03 18:44:00'),
(285,'0300',7,285,2,'2018-08-03 18:44:00'),
(286,'0301',7,286,2,'2018-08-03 18:44:00'),
(287,'0302',7,287,2,'2018-08-03 18:44:00'),
(288,'0303',7,288,2,'2018-08-03 18:44:00'),
(289,'0304',7,289,2,'2018-08-03 18:44:00'),
(290,'0305',7,290,2,'2018-08-03 18:44:00'),
(291,'0306',7,291,2,'2018-08-03 18:44:00'),
(292,'0307',7,292,2,'2018-08-03 18:44:00'),
(293,'0308',7,293,2,'2018-08-03 18:44:00'),
(294,'0309',7,294,2,'2018-08-03 18:44:00'),
(295,'0310',7,295,2,'2018-08-03 18:44:00'),
(296,'0311',7,296,2,'2018-08-03 18:44:00'),
(297,'0312',7,297,2,'2018-08-03 18:44:00'),
(298,'0313',7,298,2,'2018-08-03 18:44:00'),
(299,'0314',7,299,2,'2018-08-03 18:44:00'),
(300,'0315',7,300,2,'2018-08-03 18:44:00'),
(301,'0316',7,301,2,'2018-08-03 18:44:00'),
(302,'0317',7,302,2,'2018-08-03 18:44:00'),
(303,'0318',7,303,2,'2018-08-03 18:44:00'),
(304,'0319',7,304,2,'2018-08-03 18:44:00'),
(305,'0320',7,305,2,'2018-08-03 18:44:00'),
(306,'0321',7,306,2,'2018-08-03 18:44:00'),
(307,'0322',7,307,2,'2018-08-03 18:44:00'),
(308,'0323',7,308,2,'2018-08-03 18:44:00'),
(309,'0324',7,309,2,'2018-08-03 18:44:00'),
(310,'0325',7,310,2,'2018-08-03 18:44:00'),
(311,'0326',7,311,2,'2018-08-03 18:44:00'),
(312,'0327',7,312,2,'2018-08-03 18:44:00'),
(313,'0328',7,313,2,'2018-08-03 18:44:00'),
(314,'0329',7,314,2,'2018-08-03 18:44:00'),
(315,'0330',7,315,2,'2018-08-03 18:44:00'),
(316,'0331',7,316,2,'2018-08-03 18:44:00'),
(317,'0332',7,317,2,'2018-08-03 18:44:00'),
(318,'0333',7,318,2,'2018-08-03 18:44:00'),
(319,'0334',7,319,2,'2018-08-03 18:44:00'),
(320,'0335',7,320,2,'2018-08-03 18:44:00'),
(321,'0336',7,321,2,'2018-08-03 18:44:00'),
(322,'0337',7,322,2,'2018-08-03 18:44:00'),
(323,'0338',7,323,2,'2018-08-03 18:44:00'),
(324,'0339',7,324,2,'2018-08-03 18:44:00'),
(325,'0340',7,325,2,'2018-08-03 18:44:00'),
(326,'0341',7,326,2,'2018-08-03 18:44:00'),
(327,'0342',7,327,2,'2018-08-03 18:44:00'),
(328,'0343',7,328,2,'2018-08-03 18:44:00'),
(329,'0344',7,329,3,'2018-08-03 18:44:00'),
(330,'0345',7,330,2,'2018-08-03 18:44:00'),
(331,'0346',7,331,2,'2018-08-03 18:44:00'),
(332,'0347',7,332,2,'2018-08-03 18:44:00'),
(333,'0348',7,333,2,'2018-08-03 18:44:00'),
(334,'0349',7,334,2,'2018-08-03 18:44:00'),
(335,'0350',7,335,2,'2018-08-03 18:44:00'),
(336,'0351',7,336,2,'2018-08-03 18:44:00'),
(337,'0352',7,337,2,'2018-08-03 18:44:00'),
(338,'0353',7,338,2,'2018-08-03 18:44:00'),
(339,'0354',7,339,2,'2018-08-03 18:44:00'),
(340,'0355',7,340,2,'2018-08-03 18:44:00'),
(341,'0356',7,341,2,'2018-08-03 18:44:00'),
(342,'0357',7,342,2,'2018-08-03 18:44:00'),
(343,'0358',7,343,2,'2018-08-03 18:44:00'),
(344,'0359',7,344,2,'2018-08-03 18:44:00'),
(345,'0360',7,345,2,'2018-08-03 18:44:00'),
(346,'0361',7,346,4,'2018-08-03 18:44:00'),
(347,'0362',7,347,2,'2018-08-03 18:44:00'),
(348,'0363',7,348,2,'2018-08-03 18:44:00'),
(349,'0364',7,349,2,'2018-08-03 18:44:00'),
(350,'0365',7,350,2,'2018-08-03 18:44:00'),
(351,'0366',7,351,2,'2018-08-03 18:44:00'),
(352,'0367',7,352,3,'2018-08-03 18:44:00'),
(353,'0368',7,353,3,'2018-08-03 18:44:00'),
(354,'0369',7,354,2,'2018-08-03 18:44:00'),
(355,'0370',7,355,2,'2018-08-03 18:44:00'),
(356,'0371',7,356,2,'2018-08-03 18:44:00'),
(357,'0372',7,357,2,'2018-08-03 18:44:00'),
(358,'0373',7,358,3,'2018-08-03 18:44:00'),
(359,'0374',7,359,3,'2018-08-03 18:44:00'),
(360,'0375',7,360,2,'2018-08-03 18:44:00'),
(361,'0376',7,361,2,'2018-08-03 18:44:00'),
(362,'0377',7,362,3,'2018-08-03 18:44:00'),
(363,'0378',7,363,2,'2018-08-03 18:44:00'),
(364,'0379',7,364,2,'2018-08-03 18:44:00'),
(365,'0380',7,365,2,'2018-08-03 18:44:00'),
(366,'0381',7,366,2,'2018-08-03 18:44:00'),
(367,'0382',7,367,2,'2018-08-03 18:44:00'),
(368,'0383',7,368,2,'2018-08-03 18:44:00'),
(369,'0384',7,369,2,'2018-08-03 18:44:00'),
(370,'0385',7,370,3,'2018-08-03 18:44:00'),
(371,'0386',7,371,2,'2018-08-03 18:44:00'),
(372,'0387',7,372,2,'2018-08-03 18:44:00'),
(373,'0388',7,373,2,'2018-08-03 18:44:00'),
(374,'0389',7,374,2,'2018-08-03 18:44:00'),
(375,'0390',7,375,2,'2018-08-03 18:44:00'),
(376,'0391',7,376,2,'2018-08-03 18:44:00'),
(377,'0392',7,377,2,'2018-08-03 18:44:00'),
(378,'0393',7,378,2,'2018-08-03 18:44:00'),
(379,'0394',7,379,2,'2018-08-03 18:44:00'),
(380,'0395',7,380,2,'2018-08-03 18:44:00'),
(381,'0396',7,381,2,'2018-08-03 18:44:00'),
(382,'0397',7,382,2,'2018-08-03 18:44:00'),
(383,'0398',7,383,2,'2018-08-03 18:44:00'),
(384,'0399',7,384,2,'2018-08-03 18:44:00'),
(385,'0400',7,385,2,'2018-08-03 18:44:00'),
(386,'0401',7,386,2,'2018-08-03 18:44:00'),
(387,'0402',7,387,2,'2018-08-03 18:44:00'),
(388,'0403',7,388,2,'2018-08-03 18:44:00'),
(389,'0404',7,389,2,'2018-08-03 18:44:00'),
(390,'0405',7,390,2,'2018-08-03 18:44:00'),
(391,'0406',7,391,2,'2018-08-03 18:44:00'),
(392,'0407',7,392,2,'2018-08-03 18:44:00'),
(393,'0408',7,393,2,'2018-08-03 18:44:00'),
(394,'0409',7,394,2,'2018-08-03 18:44:00'),
(395,'0410',7,395,2,'2018-08-03 18:44:00'),
(396,'0411',7,396,2,'2018-08-03 18:44:00'),
(397,'0412',7,397,2,'2018-08-03 18:44:00'),
(398,'0413',7,398,2,'2018-08-03 18:44:00'),
(399,'0414',7,399,2,'2018-08-03 18:44:00'),
(400,'0415',7,400,2,'2018-08-03 18:44:00'),
(401,'0416',7,401,2,'2018-08-03 18:44:00'),
(402,'0417',7,402,1,'2018-08-03 18:44:00'),
(403,'0418',7,403,1,'2018-08-03 18:44:00'),
(404,'0419',7,404,1,'2018-08-03 18:44:00'),
(405,'0420',7,405,1,'2018-08-03 18:44:00'),
(406,'0421',7,406,1,'2018-08-03 18:44:00'),
(407,'0422',7,407,1,'2018-08-03 18:44:00'),
(408,'0423',7,408,2,'2018-08-03 18:44:00'),
(409,'0424',7,409,2,'2018-08-03 18:44:00'),
(410,'0425',7,410,2,'2018-08-03 18:44:00'),
(411,'0426',7,411,2,'2018-08-03 18:44:00'),
(412,'0427',7,412,2,'2018-08-03 18:44:00'),
(413,'0428',7,413,2,'2018-08-03 18:44:00'),
(414,'0429',7,414,2,'2018-08-03 18:44:00'),
(415,'0430',7,415,2,'2018-08-03 18:44:00'),
(416,'0431',7,416,2,'2018-08-03 18:44:00'),
(417,'0432',7,417,2,'2018-08-03 18:44:00'),
(418,'0433',7,418,2,'2018-08-03 18:44:00'),
(419,'0434',7,419,2,'2018-08-03 18:44:00'),
(420,'0435',7,420,2,'2018-08-03 18:44:00'),
(421,'0436',7,421,2,'2018-08-03 18:44:00'),
(422,'0437',7,422,2,'2018-08-03 18:44:00'),
(423,'0438',7,423,2,'2018-08-03 18:44:00'),
(424,'0439',7,424,2,'2018-08-03 18:44:00'),
(425,'0440',7,425,2,'2018-08-03 18:44:00'),
(426,'0441',7,426,2,'2018-08-03 18:44:00'),
(427,'0442',7,427,2,'2018-08-03 18:44:00'),
(428,'0443',7,428,2,'2018-08-03 18:44:00'),
(429,'0444',7,429,2,'2018-08-03 18:44:00'),
(430,'0445',7,430,2,'2018-08-03 18:44:00'),
(431,'0446',7,431,2,'2018-08-03 18:44:00'),
(432,'0447',7,432,2,'2018-08-03 18:44:00'),
(433,'0448',7,433,2,'2018-08-03 18:44:00'),
(434,'0449',7,434,2,'2018-08-03 18:44:00'),
(435,'0450',7,435,2,'2018-08-03 18:44:00'),
(436,'0451',7,436,2,'2018-08-03 18:44:00'),
(437,'0452',7,437,2,'2018-08-03 18:44:00'),
(438,'0453',7,438,2,'2018-08-03 18:44:00'),
(439,'0454',7,439,2,'2018-08-03 18:44:00'),
(440,'0455',7,440,2,'2018-08-03 18:44:00'),
(441,'0456',7,441,2,'2018-08-03 18:44:00'),
(442,'0457',7,442,2,'2018-08-03 18:44:00'),
(443,'0458',7,443,2,'2018-08-03 18:44:00'),
(444,'0459',7,444,2,'2018-08-03 18:44:00'),
(445,'0460',7,445,2,'2018-08-03 18:44:00'),
(446,'0461',7,446,2,'2018-08-03 18:44:00'),
(447,'0462',7,447,2,'2018-08-03 18:44:00'),
(448,'0463',7,448,2,'2018-08-03 18:44:00'),
(449,'0464',7,449,2,'2018-08-03 18:44:00'),
(450,'0465',7,450,2,'2018-08-03 18:44:00'),
(451,'0466',7,451,2,'2018-08-03 18:44:00'),
(452,'0467',7,452,2,'2018-08-03 18:44:00'),
(453,'0468',7,453,2,'2018-08-03 18:44:00'),
(454,'0469',7,454,2,'2018-08-03 18:44:00'),
(455,'0470',7,455,2,'2018-08-03 18:44:00'),
(456,'0471',7,456,2,'2018-08-03 18:44:00'),
(457,'0472',7,457,2,'2018-08-03 18:44:00'),
(458,'0473',7,458,2,'2018-08-03 18:44:00'),
(459,'0474',7,459,2,'2018-08-03 18:44:00'),
(460,'0475',7,460,2,'2018-08-03 18:44:00'),
(461,'0476',7,461,2,'2018-08-03 18:44:00'),
(462,'0477',7,462,2,'2018-08-03 18:44:00'),
(463,'0478',7,463,2,'2018-08-03 18:44:00'),
(464,'0479',7,464,2,'2018-08-03 18:44:00'),
(465,'0480',7,465,2,'2018-08-03 18:44:00'),
(466,'0481',7,466,2,'2018-08-03 18:44:00'),
(467,'0482',7,467,2,'2018-08-03 18:44:00'),
(468,'0483',7,468,2,'2018-08-03 18:44:00'),
(469,'0484',7,469,2,'2018-08-03 18:44:00'),
(470,'0485',7,470,2,'2018-08-03 18:44:00'),
(471,'0486',7,471,2,'2018-08-03 18:44:00'),
(472,'0487',7,472,2,'2018-08-03 18:44:00'),
(473,'0488',7,473,2,'2018-08-03 18:44:00'),
(474,'0489',7,474,2,'2018-08-03 18:44:00'),
(475,'0490',7,475,2,'2018-08-03 18:44:00'),
(476,'0491',7,476,2,'2018-08-03 18:44:00'),
(477,'0492',7,477,2,'2018-08-03 18:44:00'),
(478,'0493',7,478,2,'2018-08-03 18:44:00'),
(479,'0494',7,479,2,'2018-08-03 18:44:00'),
(480,'0495',7,480,2,'2018-08-03 18:44:00'),
(481,'0496',7,481,2,'2018-08-03 18:44:00'),
(482,'0497',7,482,2,'2018-08-03 18:44:00'),
(483,'0498',7,483,2,'2018-08-03 18:44:00'),
(484,'0499',7,484,2,'2018-08-03 18:44:00'),
(485,'0500',7,485,2,'2018-08-03 18:44:00'),
(486,'0501',7,486,2,'2018-08-03 18:44:00'),
(487,'0502',7,487,2,'2018-08-03 18:44:00'),
(488,'0503',7,488,2,'2018-08-03 18:44:00'),
(489,'0504',7,489,2,'2018-08-03 18:44:00'),
(490,'0505',7,490,2,'2018-08-03 18:44:00'),
(491,'0506',7,491,2,'2018-08-03 18:44:00'),
(492,'0507',7,492,2,'2018-08-03 18:44:00'),
(493,'0508',7,493,2,'2018-08-03 18:44:00'),
(494,'0509',7,494,2,'2018-08-03 18:44:00'),
(495,'0510',7,495,2,'2018-08-03 18:44:00'),
(496,'0511',7,496,2,'2018-08-03 18:44:00'),
(497,'0512',7,497,2,'2018-08-03 18:44:00'),
(498,'0513',7,498,2,'2018-08-03 18:44:00'),
(499,'0514',7,499,2,'2018-08-03 18:44:00'),
(500,'0515',7,500,2,'2018-08-03 18:44:00'),
(501,'0516',7,501,2,'2018-08-03 18:44:00'),
(502,'0517',7,502,2,'2018-08-03 18:44:00'),
(503,'0518',7,503,2,'2018-08-03 18:44:00'),
(504,'0519',7,504,2,'2018-08-03 18:44:00'),
(505,'0520',7,505,2,'2018-08-03 18:44:00'),
(506,'0521',7,506,2,'2018-08-03 18:44:00'),
(507,'0522',7,507,2,'2018-08-03 18:44:00'),
(508,'0523',7,508,2,'2018-08-03 18:44:00'),
(509,'0524',7,509,2,'2018-08-03 18:44:00'),
(510,'0525',7,510,2,'2018-08-03 18:44:00'),
(511,'0526',7,511,2,'2018-08-03 18:44:00'),
(512,'0527',7,512,2,'2018-08-03 18:44:00'),
(513,'0528',7,513,2,'2018-08-03 18:44:00'),
(514,'0529',7,514,2,'2018-08-03 18:44:00'),
(515,'0530',7,515,2,'2018-08-03 18:44:00'),
(516,'0531',7,516,2,'2018-08-03 18:44:00'),
(517,'0532',7,517,2,'2018-08-03 18:44:00'),
(518,'0533',7,518,2,'2018-08-03 18:44:00'),
(519,'0534',7,519,2,'2018-08-03 18:44:00'),
(520,'0535',7,520,2,'2018-08-03 18:44:00'),
(521,'0536',7,521,2,'2018-08-03 18:44:00'),
(522,'0537',7,522,2,'2018-08-03 18:44:00'),
(523,'0538',7,523,2,'2018-08-03 18:44:00'),
(524,'0539',7,524,2,'2018-08-03 18:44:00'),
(525,'0540',7,525,2,'2018-08-03 18:44:00'),
(526,'0541',7,526,2,'2018-08-03 18:44:00'),
(527,'0542',7,527,2,'2018-08-03 18:44:00'),
(528,'0543',7,528,2,'2018-08-03 18:44:00'),
(529,'0544',7,529,2,'2018-08-03 18:44:00'),
(530,'0545',7,530,2,'2018-08-03 18:44:00'),
(531,'0546',7,531,2,'2018-08-03 18:44:00'),
(532,'0547',7,532,2,'2018-08-03 18:44:00'),
(533,'0548',7,533,2,'2018-08-03 18:44:00'),
(534,'0549',7,534,2,'2018-08-03 18:44:00'),
(535,'0550',7,535,2,'2018-08-03 18:44:00'),
(536,'0551',7,536,2,'2018-08-03 18:44:00'),
(537,'0552',7,537,2,'2018-08-03 18:44:00'),
(538,'0553',7,538,2,'2018-08-03 18:44:00'),
(539,'0554',7,539,2,'2018-08-03 18:44:00'),
(540,'0555',7,540,2,'2018-08-03 18:44:00'),
(541,'0556',7,541,2,'2018-08-03 18:44:00'),
(542,'0557',7,542,2,'2018-08-03 18:44:00'),
(543,'0558',7,543,2,'2018-08-03 18:44:00'),
(544,'0559',7,544,2,'2018-08-03 18:44:00'),
(545,'0560',7,545,2,'2018-08-03 18:44:00'),
(546,'0561',7,546,2,'2018-08-03 18:44:00'),
(547,'0562',7,547,2,'2018-08-03 18:44:00'),
(548,'0563',7,548,2,'2018-08-03 18:44:00'),
(549,'0564',7,549,2,'2018-08-03 18:44:00'),
(550,'0565',7,550,2,'2018-08-03 18:44:00'),
(551,'0566',7,551,2,'2018-08-03 18:44:00'),
(552,'0567',7,552,2,'2018-08-03 18:44:00'),
(553,'0568',7,553,2,'2018-08-03 18:44:00'),
(554,'0569',7,554,2,'2018-08-03 18:44:00'),
(555,'0570',7,555,2,'2018-08-03 18:44:00'),
(556,'0571',7,556,2,'2018-08-03 18:44:00'),
(557,'0572',7,557,2,'2018-08-03 18:44:00'),
(558,'0573',7,558,2,'2018-08-03 18:44:00'),
(559,'0574',7,559,2,'2018-08-03 18:44:00'),
(560,'0575',7,560,2,'2018-08-03 18:44:00'),
(561,'0576',7,561,2,'2018-08-03 18:44:00'),
(562,'0577',7,562,2,'2018-08-03 18:44:00'),
(563,'0578',7,563,2,'2018-08-03 18:44:00'),
(564,'0579',7,564,2,'2018-08-03 18:44:00'),
(565,'0580',7,565,2,'2018-08-03 18:44:00'),
(566,'0581',7,566,2,'2018-08-03 18:44:00'),
(567,'0582',7,567,2,'2018-08-03 18:44:00'),
(568,'0583',7,568,2,'2018-08-03 18:44:00'),
(569,'0584',7,569,2,'2018-08-03 18:44:00'),
(570,'0585',7,570,2,'2018-08-03 18:44:00'),
(571,'0586',7,571,2,'2018-08-03 18:44:00'),
(572,'0587',7,572,2,'2018-08-03 18:44:00'),
(573,'0588',7,573,2,'2018-08-03 18:44:00'),
(574,'0589',7,574,2,'2018-08-03 18:44:00'),
(575,'0590',7,575,2,'2018-08-03 18:44:00'),
(576,'0591',7,576,2,'2018-08-03 18:44:00'),
(577,'0592',7,577,2,'2018-08-03 18:44:00'),
(578,'0593',7,578,2,'2018-08-03 18:44:00'),
(579,'0594',7,579,2,'2018-08-03 18:44:00'),
(580,'0595',7,580,2,'2018-08-03 18:44:00'),
(581,'0596',7,581,2,'2018-08-03 18:44:00'),
(582,'0597',7,582,2,'2018-08-03 18:44:00'),
(583,'0598',7,583,2,'2018-08-03 18:44:00'),
(584,'0599',7,584,2,'2018-08-03 18:44:00'),
(585,'0600',7,585,2,'2018-08-03 18:44:00'),
(586,'0601',7,586,2,'2018-08-03 18:44:00'),
(587,'0602',7,587,2,'2018-08-03 18:44:00'),
(588,'0603',7,588,2,'2018-08-03 18:44:00'),
(589,'0604',7,589,2,'2018-08-03 18:44:00'),
(590,'0605',7,590,2,'2018-08-03 18:44:00'),
(591,'0606',7,591,2,'2018-08-03 18:44:00'),
(592,'0607',7,592,2,'2018-08-03 18:44:00'),
(593,'0608',7,593,2,'2018-08-03 18:44:00'),
(594,'0609',7,594,2,'2018-08-03 18:44:00'),
(595,'0610',7,595,2,'2018-08-03 18:44:00'),
(596,'0611',7,596,2,'2018-08-03 18:44:00'),
(597,'0612',7,597,2,'2018-08-03 18:44:00'),
(598,'0613',7,598,2,'2018-08-03 18:44:00'),
(599,'0614',7,599,2,'2018-08-03 18:44:00'),
(600,'0615',7,600,2,'2018-08-03 18:44:00'),
(601,'0616',7,601,2,'2018-08-03 18:44:00'),
(602,'0617',7,602,2,'2018-08-03 18:44:00'),
(603,'0618',7,603,2,'2018-08-03 18:44:00'),
(604,'0619',7,604,2,'2018-08-03 18:44:00'),
(605,'0620',7,605,2,'2018-08-03 18:44:00'),
(606,'0621',7,606,2,'2018-08-03 18:44:00'),
(607,'0622',7,607,2,'2018-08-03 18:44:00'),
(608,'0623',7,608,2,'2018-08-03 18:44:00'),
(609,'0624',7,609,2,'2018-08-03 18:44:00'),
(610,'0625',7,610,2,'2018-08-03 18:44:00'),
(611,'0626',7,611,2,'2018-08-03 18:44:00'),
(612,'0627',7,612,2,'2018-08-03 18:44:00'),
(613,'0628',7,613,2,'2018-08-03 18:44:00'),
(614,'0629',7,614,2,'2018-08-03 18:44:00'),
(615,'0630',7,615,2,'2018-08-03 18:44:00'),
(616,'0631',7,616,2,'2018-08-03 18:44:00'),
(617,'0632',7,617,2,'2018-08-03 18:44:00'),
(618,'0633',7,618,2,'2018-08-03 18:44:00'),
(619,'0634',7,619,2,'2018-08-03 18:44:00'),
(620,'0635',7,620,2,'2018-08-03 18:44:00'),
(621,'0636',7,621,2,'2018-08-03 18:44:00'),
(622,'0637',7,622,2,'2018-08-03 18:44:00'),
(623,'0638',7,623,2,'2018-08-03 18:44:00'),
(624,'0639',7,624,2,'2018-08-03 18:44:00'),
(625,'0640',7,625,2,'2018-08-03 18:44:00'),
(626,'0641',7,626,2,'2018-08-03 18:44:00'),
(627,'0642',7,627,2,'2018-08-03 18:44:00'),
(628,'0643',7,628,2,'2018-08-03 18:44:00'),
(629,'0644',7,629,2,'2018-08-03 18:44:00'),
(630,'0645',7,630,2,'2018-08-03 18:44:00'),
(631,'0646',7,631,2,'2018-08-03 18:44:00'),
(632,'0647',7,632,2,'2018-08-03 18:44:00'),
(633,'0648',7,633,2,'2018-08-03 18:44:00'),
(634,'0649',7,634,2,'2018-08-03 18:44:00'),
(635,'0650',7,635,2,'2018-08-03 18:44:00'),
(636,'0651',7,636,2,'2018-08-03 18:44:00'),
(637,'0652',7,637,2,'2018-08-03 18:44:00'),
(638,'0653',7,638,2,'2018-08-03 18:44:00'),
(639,'0654',7,639,2,'2018-08-03 18:44:00'),
(640,'0655',7,640,2,'2018-08-03 18:44:00'),
(641,'0656',7,641,2,'2018-08-03 18:44:00'),
(642,'0657',7,642,2,'2018-08-03 18:44:00'),
(643,'0658',7,643,2,'2018-08-03 18:44:00'),
(644,'0659',7,644,2,'2018-08-03 18:44:00'),
(645,'0660',7,645,2,'2018-08-03 18:44:00'),
(646,'0661',7,646,2,'2018-08-03 18:44:00'),
(647,'0662',7,647,2,'2018-08-03 18:44:00'),
(648,'0663',7,648,2,'2018-08-03 18:44:00'),
(649,'0664',7,649,2,'2018-08-03 18:44:00'),
(650,'0665',7,650,2,'2018-08-03 18:44:00'),
(651,'0666',7,651,2,'2018-08-03 18:44:00'),
(652,'0667',7,652,2,'2018-08-03 18:44:00'),
(653,'0668',7,653,2,'2018-08-03 18:44:00'),
(654,'0669',7,654,2,'2018-08-03 18:44:00'),
(655,'0670',7,655,2,'2018-08-03 18:44:00'),
(656,'0671',7,656,2,'2018-08-03 18:44:00'),
(657,'0672',7,657,2,'2018-08-03 18:44:00'),
(658,'0673',7,658,2,'2018-08-03 18:44:00'),
(659,'0674',7,659,2,'2018-08-03 18:44:00'),
(660,'0675',7,660,2,'2018-08-03 18:44:00'),
(661,'0676',7,661,2,'2018-08-03 18:44:00'),
(662,'0677',7,662,2,'2018-08-03 18:44:00'),
(663,'0678',7,663,2,'2018-08-03 18:44:00'),
(664,'0679',7,664,2,'2018-08-03 18:44:00'),
(665,'0680',7,665,2,'2018-08-03 18:44:00'),
(666,'0681',7,666,2,'2018-08-03 18:44:00'),
(667,'0682',7,667,2,'2018-08-03 18:44:00'),
(668,'0683',7,668,2,'2018-08-03 18:44:00'),
(669,'0684',7,669,2,'2018-08-03 18:44:00'),
(670,'0685',7,670,2,'2018-08-03 18:44:00'),
(671,'0686',7,671,2,'2018-08-03 18:44:00'),
(672,'0687',7,672,2,'2018-08-03 18:44:00'),
(673,'0688',7,673,2,'2018-08-03 18:44:00'),
(674,'0689',7,674,2,'2018-08-03 18:44:00'),
(675,'0690',7,675,2,'2018-08-03 18:44:00'),
(676,'0691',7,676,2,'2018-08-03 18:44:00'),
(677,'0692',7,677,2,'2018-08-03 18:44:00'),
(678,'0693',7,678,2,'2018-08-03 18:44:00'),
(679,'0694',7,679,2,'2018-08-03 18:44:00'),
(680,'0695',7,680,2,'2018-08-03 18:44:00'),
(681,'0696',7,681,2,'2018-08-03 18:44:00'),
(682,'0697',7,682,2,'2018-08-03 18:44:00'),
(683,'0698',7,683,2,'2018-08-03 18:44:00'),
(684,'0699',7,684,2,'2018-08-03 18:44:00'),
(685,'0700',7,685,2,'2018-08-03 18:44:00'),
(686,'0701',7,686,2,'2018-08-03 18:44:00'),
(687,'0702',7,687,2,'2018-08-03 18:44:00'),
(688,'0703',7,688,2,'2018-08-03 18:44:00'),
(689,'0704',7,689,2,'2018-08-03 18:44:00'),
(690,'0705',7,690,2,'2018-08-03 18:44:00'),
(691,'0706',7,691,2,'2018-08-03 18:44:00'),
(692,'0707',7,692,2,'2018-08-03 18:44:00'),
(693,'0708',7,693,2,'2018-08-03 18:44:00'),
(694,'0709',7,694,2,'2018-08-03 18:44:00'),
(695,'0710',7,695,2,'2018-08-03 18:44:00'),
(696,'0711',7,696,2,'2018-08-03 18:44:00'),
(697,'0712',7,697,2,'2018-08-03 18:44:00'),
(698,'0713',7,698,2,'2018-08-03 18:44:00'),
(699,'0714',7,699,2,'2018-08-03 18:44:00'),
(700,'0715',7,700,2,'2018-08-03 18:44:00'),
(701,'0716',7,701,2,'2018-08-03 18:44:00'),
(702,'0717',7,702,2,'2018-08-03 18:44:00'),
(703,'0718',7,703,2,'2018-08-03 18:44:00'),
(704,'0719',7,704,2,'2018-08-03 18:44:00'),
(705,'0720',7,705,2,'2018-08-03 18:44:00'),
(706,'0721',7,706,2,'2018-08-03 18:44:00'),
(707,'0722',7,707,2,'2018-08-03 18:44:00'),
(708,'0723',7,708,2,'2018-08-03 18:44:00'),
(709,'0724',7,709,2,'2018-08-03 18:44:00'),
(710,'0725',7,710,2,'2018-08-03 18:44:00'),
(711,'0726',7,711,2,'2018-08-03 18:44:00'),
(712,'0727',7,712,2,'2018-08-03 18:44:00'),
(713,'0728',7,713,2,'2018-08-03 18:44:00'),
(714,'0729',7,714,2,'2018-08-03 18:44:00'),
(715,'0730',7,715,2,'2018-08-03 18:44:00'),
(716,'0731',7,716,2,'2018-08-03 18:44:00'),
(717,'0732',7,717,2,'2018-08-03 18:44:00'),
(718,'0733',7,718,2,'2018-08-03 18:44:00'),
(719,'0734',7,719,2,'2018-08-03 18:44:00'),
(720,'0735',7,720,2,'2018-08-03 18:44:00'),
(721,'0736',7,721,2,'2018-08-03 18:44:00'),
(722,'0737',7,722,2,'2018-08-03 18:44:00'),
(723,'0738',7,723,2,'2018-08-03 18:44:00'),
(724,'0739',7,724,2,'2018-08-03 18:44:00'),
(725,'0740',7,725,2,'2018-08-03 18:44:00'),
(726,'0741',7,726,2,'2018-08-03 18:44:00'),
(727,'0742',7,727,2,'2018-08-03 18:44:00'),
(728,'0743',7,728,2,'2018-08-03 18:44:00'),
(729,'0744',7,729,2,'2018-08-03 18:44:00'),
(730,'0745',7,730,2,'2018-08-03 18:44:00'),
(731,'0746',7,731,2,'2018-08-03 18:44:00'),
(732,'0747',7,732,2,'2018-08-03 18:44:00'),
(733,'0748',7,733,2,'2018-08-03 18:44:00'),
(734,'0749',7,734,2,'2018-08-03 18:44:00'),
(735,'0750',7,735,2,'2018-08-03 18:44:00'),
(736,'0751',7,736,2,'2018-08-03 18:44:00'),
(737,'0752',7,737,2,'2018-08-03 18:44:00'),
(738,'0753',7,738,2,'2018-08-03 18:44:00'),
(739,'0754',7,739,2,'2018-08-03 18:44:00'),
(740,'0755',7,740,2,'2018-08-03 18:44:00'),
(741,'0756',7,741,2,'2018-08-03 18:44:00'),
(742,'0757',7,742,2,'2018-08-03 18:44:00'),
(743,'0758',7,743,2,'2018-08-03 18:44:00'),
(744,'0759',7,744,2,'2018-08-03 18:44:00'),
(745,'0760',7,745,2,'2018-08-03 18:44:00'),
(746,'0761',7,746,2,'2018-08-03 18:44:00'),
(747,'0762',7,747,2,'2018-08-03 18:44:00'),
(748,'0763',7,748,2,'2018-08-03 18:44:00'),
(749,'0764',7,749,2,'2018-08-03 18:44:00'),
(750,'0765',7,750,2,'2018-08-03 18:44:00'),
(751,'0766',7,751,2,'2018-08-03 18:44:00'),
(752,'0767',7,752,2,'2018-08-03 18:44:00'),
(753,'0768',7,753,2,'2018-08-03 18:44:00'),
(754,'0769',7,754,2,'2018-08-03 18:44:00'),
(755,'0770',7,755,2,'2018-08-03 18:44:00'),
(756,'0771',7,756,2,'2018-08-03 18:44:00'),
(757,'0772',7,757,2,'2018-08-03 18:44:00'),
(758,'0773',7,758,2,'2018-08-03 18:44:00'),
(759,'0774',7,759,2,'2018-08-03 18:44:00'),
(760,'0775',7,760,2,'2018-08-03 18:44:00'),
(761,'0776',7,761,2,'2018-08-03 18:44:00'),
(762,'0777',7,762,2,'2018-08-03 18:44:00'),
(763,'0778',7,763,2,'2018-08-03 18:44:00'),
(764,'0779',7,764,2,'2018-08-03 18:44:00'),
(765,'0780',7,765,2,'2018-08-03 18:44:00'),
(766,'0781',7,766,2,'2018-08-03 18:44:00'),
(767,'0782',7,767,2,'2018-08-03 18:44:00'),
(768,'0783',7,768,2,'2018-08-03 18:44:00'),
(769,'0784',7,769,2,'2018-08-03 18:44:00'),
(770,'0785',7,770,2,'2018-08-03 18:44:00'),
(771,'0786',7,771,2,'2018-08-03 18:44:00'),
(772,'0787',7,772,2,'2018-08-03 18:44:00'),
(773,'0788',7,773,2,'2018-08-03 18:44:00'),
(774,'0789',7,774,2,'2018-08-03 18:44:00'),
(775,'0790',7,775,2,'2018-08-03 18:44:00'),
(776,'0791',7,776,2,'2018-08-03 18:44:00'),
(777,'0792',7,777,2,'2018-08-03 18:44:00'),
(778,'0793',7,778,2,'2018-08-03 18:44:00'),
(779,'0794',7,779,2,'2018-08-03 18:44:00'),
(780,'0795',7,780,2,'2018-08-03 18:44:00'),
(781,'0796',7,781,2,'2018-08-03 18:44:00'),
(782,'0797',7,782,2,'2018-08-03 18:44:00'),
(783,'0798',7,783,2,'2018-08-03 18:44:00'),
(784,'0799',7,784,2,'2018-08-03 18:44:00'),
(785,'0800',7,785,2,'2018-08-03 18:44:00'),
(786,'0801',7,786,2,'2018-08-03 18:44:00'),
(787,'0802',7,787,2,'2018-08-03 18:44:00'),
(788,'0803',7,788,2,'2018-08-03 18:44:00'),
(789,'0804',7,789,2,'2018-08-03 18:44:00'),
(790,'0805',7,790,2,'2018-08-03 18:44:00'),
(791,'0806',7,791,2,'2018-08-03 18:44:00'),
(792,'0807',7,792,2,'2018-08-03 18:44:00'),
(793,'0808',7,793,2,'2018-08-03 18:44:00'),
(794,'0809',7,794,2,'2018-08-03 18:44:00'),
(795,'0810',7,795,2,'2018-08-03 18:44:00'),
(796,'0811',7,796,2,'2018-08-03 18:44:00'),
(797,'0812',7,797,2,'2018-08-03 18:44:00'),
(798,'0813',7,798,2,'2018-08-03 18:44:00'),
(799,'0814',7,799,2,'2018-08-03 18:44:00'),
(800,'0815',7,800,2,'2018-08-03 18:44:00'),
(801,'0816',7,801,2,'2018-08-03 18:44:00'),
(802,'0817',7,802,2,'2018-08-03 18:44:00'),
(803,'0818',7,803,2,'2018-08-03 18:44:00'),
(804,'0819',7,804,2,'2018-08-03 18:44:00'),
(805,'0820',7,805,2,'2018-08-03 18:44:00'),
(806,'0821',7,806,2,'2018-08-03 18:44:00'),
(807,'0822',7,807,2,'2018-08-03 18:44:00'),
(808,'0823',7,808,2,'2018-08-03 18:44:00'),
(809,'0824',7,809,2,'2018-08-03 18:44:00'),
(810,'0825',7,810,2,'2018-08-03 18:44:00'),
(811,'0826',7,811,2,'2018-08-03 18:44:00'),
(812,'0827',7,812,2,'2018-08-03 18:44:00'),
(813,'0828',7,813,2,'2018-08-03 18:44:00'),
(814,'0829',7,814,2,'2018-08-03 18:44:00'),
(815,'0830',7,815,2,'2018-08-03 18:44:00'),
(816,'0831',7,816,2,'2018-08-03 18:44:00'),
(817,'0832',7,817,2,'2018-08-03 18:44:00'),
(818,'0833',7,818,2,'2018-08-03 18:44:00'),
(819,'0834',7,819,2,'2018-08-03 18:44:00'),
(820,'0835',7,820,2,'2018-08-03 18:44:00'),
(821,'0836',7,821,2,'2018-08-03 18:44:00'),
(822,'0837',7,822,2,'2018-08-03 18:44:00'),
(823,'0838',7,823,2,'2018-08-03 18:44:00'),
(824,'0839',7,824,2,'2018-08-03 18:44:00'),
(825,'0840',7,825,2,'2018-08-03 18:44:00'),
(826,'0841',7,826,2,'2018-08-03 18:44:00'),
(827,'0842',7,827,2,'2018-08-03 18:44:00'),
(828,'0843',7,828,2,'2018-08-03 18:44:00'),
(829,'0844',7,829,2,'2018-08-03 18:44:00'),
(830,'0845',7,830,2,'2018-08-03 18:44:00'),
(831,'0846',7,831,2,'2018-08-03 18:44:00'),
(832,'0847',7,832,2,'2018-08-03 18:44:00'),
(833,'0848',7,833,2,'2018-08-03 18:44:00'),
(834,'0849',7,834,2,'2018-08-03 18:44:00'),
(835,'0850',7,835,2,'2018-08-03 18:44:00'),
(836,'0851',7,836,2,'2018-08-03 18:44:00'),
(837,'0852',7,837,2,'2018-08-03 18:44:00'),
(838,'0853',7,838,2,'2018-08-03 18:44:00'),
(839,'0854',7,839,2,'2018-08-03 18:44:00'),
(840,'0855',7,840,2,'2018-08-03 18:44:00'),
(841,'0856',7,841,2,'2018-08-03 18:44:00'),
(842,'0857',7,842,2,'2018-08-03 18:44:00'),
(843,'0858',7,843,2,'2018-08-03 18:44:00'),
(844,'0859',7,844,2,'2018-08-03 18:44:00'),
(845,'0860',7,845,2,'2018-08-03 18:44:00'),
(846,'0861',7,846,2,'2018-08-03 18:44:00'),
(847,'0862',7,847,2,'2018-08-03 18:44:00'),
(848,'0863',7,848,2,'2018-08-03 18:44:00'),
(849,'0864',7,849,2,'2018-08-03 18:44:00'),
(850,'0865',7,850,2,'2018-08-03 18:44:00'),
(851,'0866',7,851,2,'2018-08-03 18:44:00'),
(852,'0867',7,852,2,'2018-08-03 18:44:00'),
(853,'0868',7,853,2,'2018-08-03 18:44:00'),
(854,'0869',7,854,2,'2018-08-03 18:44:00'),
(855,'0870',7,855,2,'2018-08-03 18:44:00'),
(856,'0871',7,856,2,'2018-08-03 18:44:00'),
(857,'0872',7,857,2,'2018-08-03 18:44:00'),
(858,'0873',7,858,2,'2018-08-03 18:44:00'),
(859,'0874',7,859,2,'2018-08-03 18:44:00'),
(860,'0875',7,860,2,'2018-08-03 18:44:00'),
(861,'0876',7,861,2,'2018-08-03 18:44:00'),
(862,'0877',7,862,2,'2018-08-03 18:44:00'),
(863,'0878',7,863,2,'2018-08-03 18:44:00'),
(864,'0879',7,864,2,'2018-08-03 18:44:00'),
(865,'0880',7,865,2,'2018-08-03 18:44:00'),
(866,'0881',7,866,2,'2018-08-03 18:44:00'),
(867,'0882',7,867,2,'2018-08-03 18:44:00'),
(868,'0883',7,868,2,'2018-08-03 18:44:00'),
(869,'0884',7,869,2,'2018-08-03 18:44:00'),
(870,'0885',7,870,2,'2018-08-03 18:44:00'),
(871,'0886',7,871,2,'2018-08-03 18:44:00'),
(872,'0887',7,872,2,'2018-08-03 18:44:00'),
(873,'0888',7,873,2,'2018-08-03 18:44:00'),
(874,'0889',7,874,2,'2018-08-03 18:44:00'),
(875,'0890',7,875,2,'2018-08-03 18:44:00'),
(876,'0891',7,876,2,'2018-08-03 18:44:00'),
(877,'0892',7,877,2,'2018-08-03 18:44:00'),
(878,'0893',7,878,2,'2018-08-03 18:44:00'),
(879,'0894',7,879,2,'2018-08-03 18:44:00'),
(880,'0895',7,880,2,'2018-08-03 18:44:00'),
(881,'0896',7,881,2,'2018-08-03 18:44:00'),
(882,'0897',7,882,2,'2018-08-03 18:44:00'),
(883,'0898',7,883,2,'2018-08-03 18:44:00'),
(884,'0899',7,884,2,'2018-08-03 18:44:00'),
(885,'0900',7,885,2,'2018-08-03 18:44:00'),
(886,'0901',7,886,2,'2018-08-03 18:44:00'),
(887,'0902',7,887,2,'2018-08-03 18:44:00'),
(888,'0903',7,888,2,'2018-08-03 18:44:00'),
(889,'0904',7,889,2,'2018-08-03 18:44:00'),
(890,'0905',7,890,2,'2018-08-03 18:44:00'),
(891,'0906',7,891,2,'2018-08-03 18:44:00'),
(892,'0907',7,892,2,'2018-08-03 18:44:00'),
(893,'0908',7,893,2,'2018-08-03 18:44:00'),
(894,'0909',7,894,2,'2018-08-03 18:44:00'),
(895,'0910',7,895,2,'2018-08-03 18:44:00'),
(896,'0911',7,896,2,'2018-08-03 18:44:00'),
(897,'0912',7,897,2,'2018-08-03 18:44:00'),
(898,'0913',7,898,2,'2018-08-03 18:44:00'),
(899,'0914',7,899,2,'2018-08-03 18:44:00'),
(900,'0915',7,900,2,'2018-08-03 18:44:00'),
(901,'0916',7,901,2,'2018-08-03 18:44:00'),
(902,'0917',7,902,2,'2018-08-03 18:44:00'),
(903,'0918',7,903,2,'2018-08-03 18:44:00'),
(904,'0919',7,904,2,'2018-08-03 18:44:00'),
(905,'0920',7,905,2,'2018-08-03 18:44:00'),
(906,'0921',7,906,2,'2018-08-03 18:44:00'),
(907,'0922',7,907,2,'2018-08-03 18:44:00'),
(908,'0923',7,908,2,'2018-08-03 18:44:00'),
(909,'0924',7,909,2,'2018-08-03 18:44:00'),
(910,'0925',7,910,2,'2018-08-03 18:44:00'),
(911,'0926',7,911,2,'2018-08-03 18:44:00'),
(912,'0927',7,912,2,'2018-08-03 18:44:00'),
(913,'0928',7,913,2,'2018-08-03 18:44:00'),
(914,'0929',7,914,2,'2018-08-03 18:44:00'),
(915,'0930',7,915,2,'2018-08-03 18:44:00'),
(916,'0931',7,916,2,'2018-08-03 18:44:00'),
(917,'0932',7,917,2,'2018-08-03 18:44:00'),
(918,'0933',7,918,2,'2018-08-03 18:44:00'),
(919,'0934',7,919,2,'2018-08-03 18:44:00'),
(920,'0935',7,920,2,'2018-08-03 18:44:00'),
(921,'0936',7,921,2,'2018-08-03 18:44:00'),
(922,'0937',7,922,2,'2018-08-03 18:44:00'),
(923,'0938',7,923,2,'2018-08-03 18:44:00'),
(924,'0939',7,924,2,'2018-08-03 18:44:00'),
(925,'0940',7,925,2,'2018-08-03 18:44:00'),
(926,'0941',7,926,2,'2018-08-03 18:44:00'),
(927,'0942',7,927,2,'2018-08-03 18:44:00'),
(928,'0943',7,928,2,'2018-08-03 18:44:00'),
(929,'0944',7,929,2,'2018-08-03 18:44:00'),
(930,'0945',7,930,2,'2018-08-03 18:44:00'),
(931,'0946',7,931,2,'2018-08-03 18:44:00'),
(932,'0947',7,932,2,'2018-08-03 18:44:00'),
(933,'0948',7,933,2,'2018-08-03 18:44:00'),
(934,'0949',7,934,2,'2018-08-03 18:44:00'),
(935,'0950',7,935,2,'2018-08-03 18:44:00'),
(936,'0951',7,936,2,'2018-08-03 18:44:00'),
(937,'0952',7,937,2,'2018-08-03 18:44:00'),
(938,'0953',7,938,2,'2018-08-03 18:44:00'),
(939,'0954',7,939,2,'2018-08-03 18:44:00'),
(940,'0955',7,940,2,'2018-08-03 18:44:00'),
(941,'0956',7,941,2,'2018-08-03 18:44:00'),
(942,'0957',7,942,2,'2018-08-03 18:44:00'),
(943,'0958',7,943,2,'2018-08-03 18:44:00'),
(944,'0959',7,944,2,'2018-08-03 18:44:00'),
(945,'0960',7,945,2,'2018-08-03 18:44:00'),
(946,'0961',7,946,2,'2018-08-03 18:44:00'),
(947,'0962',7,947,2,'2018-08-03 18:44:00'),
(948,'0963',7,948,2,'2018-08-03 18:44:00'),
(949,'0964',7,949,2,'2018-08-03 18:44:00'),
(950,'0965',7,950,2,'2018-08-03 18:44:00'),
(951,'0966',7,951,2,'2018-08-03 18:44:00'),
(952,'0967',7,952,2,'2018-08-03 18:44:00'),
(953,'0968',7,953,2,'2018-08-03 18:44:00'),
(954,'0969',7,954,2,'2018-08-03 18:44:00'),
(955,'0970',7,955,2,'2018-08-03 18:44:00'),
(956,'0971',7,956,2,'2018-08-03 18:44:00'),
(957,'0972',7,957,2,'2018-08-03 18:44:00'),
(958,'0973',7,958,2,'2018-08-03 18:44:00'),
(959,'0974',7,959,2,'2018-08-03 18:44:00'),
(960,'0975',7,960,2,'2018-08-03 18:44:00'),
(961,'0976',7,961,2,'2018-08-03 18:44:00'),
(962,'0977',7,962,2,'2018-08-03 18:44:00'),
(963,'0978',7,963,2,'2018-08-03 18:44:00'),
(964,'0979',7,964,2,'2018-08-03 18:44:00'),
(965,'0980',7,965,2,'2018-08-03 18:44:00'),
(966,'0981',7,966,2,'2018-08-03 18:44:00'),
(967,'0982',7,967,2,'2018-08-03 18:44:00'),
(968,'0983',7,968,2,'2018-08-03 18:44:00'),
(969,'0984',7,969,2,'2018-08-03 18:44:00'),
(970,'0985',7,970,2,'2018-08-03 18:44:00'),
(971,'0986',7,971,2,'2018-08-03 18:44:00'),
(972,'0987',7,972,2,'2018-08-03 18:44:00'),
(973,'0988',7,973,2,'2018-08-03 18:44:00'),
(974,'0989',7,974,2,'2018-08-03 18:44:00'),
(975,'0990',7,975,2,'2018-08-03 18:44:00'),
(976,'0991',7,976,2,'2018-08-03 18:44:00'),
(977,'0992',7,977,2,'2018-08-03 18:44:00'),
(978,'0993',7,978,2,'2018-08-03 18:44:00'),
(979,'0994',7,979,2,'2018-08-03 18:44:00'),
(980,'0995',7,980,2,'2018-08-03 18:44:00'),
(981,'0996',7,981,2,'2018-08-03 18:44:00'),
(982,'0997',7,982,2,'2018-08-03 18:44:00'),
(983,'0998',7,983,2,'2018-08-03 18:44:00'),
(984,'0999',7,984,2,'2018-08-03 18:44:00'),
(985,'1000',7,985,2,'2018-08-03 18:44:00'),
(986,'1001',7,986,2,'2018-08-03 18:44:00'),
(987,'1002',7,987,2,'2018-08-03 18:44:00'),
(988,'1003',7,988,2,'2018-08-03 18:44:00'),
(989,'1004',7,989,2,'2018-08-03 18:44:00'),
(990,'1005',7,990,2,'2018-08-03 18:44:00'),
(991,'1006',7,991,2,'2018-08-03 18:44:00'),
(992,'1007',7,992,2,'2018-08-03 18:44:00'),
(993,'1008',7,993,2,'2018-08-03 18:44:00'),
(994,'1009',7,994,2,'2018-08-03 18:44:00'),
(995,'1010',7,995,2,'2018-08-03 18:44:00'),
(996,'1011',7,996,2,'2018-08-03 18:44:00'),
(997,'1012',7,997,2,'2018-08-03 18:44:00'),
(998,'1013',7,998,2,'2018-08-03 18:44:00'),
(999,'1014',7,999,2,'2018-08-03 18:44:00'),
(1000,'1015',7,1000,2,'2018-08-03 18:44:00'),
(1001,'1016',7,1001,2,'2018-08-03 18:44:00'),
(1002,'1017',7,1002,2,'2018-08-03 18:44:00'),
(1003,'1018',7,1003,2,'2018-08-03 18:44:00'),
(1004,'1019',7,1004,2,'2018-08-03 18:44:00'),
(1005,'1020',7,1005,2,'2018-08-03 18:44:00'),
(1006,'1021',7,1006,2,'2018-08-03 18:44:00'),
(1007,'1022',7,1007,2,'2018-08-03 18:44:00'),
(1008,'1023',7,1008,2,'2018-08-03 18:44:00'),
(1009,'1024',7,1009,2,'2018-08-03 18:44:00'),
(1010,'1025',7,1010,2,'2018-08-03 18:44:00'),
(1011,'1026',7,1011,3,'2018-08-03 18:44:00'),
(1012,'1027',7,1012,2,'2018-08-03 18:44:00'),
(1013,'1028',7,1013,2,'2018-08-03 18:44:00'),
(1014,'1029',7,1014,2,'2018-08-03 18:44:00'),
(1015,'1030',7,1015,2,'2018-08-03 18:44:00'),
(1016,'1031',7,1016,2,'2018-08-03 18:44:00'),
(1017,'1032',7,1017,2,'2018-08-03 18:44:00'),
(1018,'1033',7,1018,2,'2018-08-03 18:44:00'),
(1019,'1034',7,1019,2,'2018-08-03 18:44:00'),
(1020,'1035',7,1020,2,'2018-08-03 18:44:00'),
(1021,'1036',7,1021,2,'2018-08-03 18:44:00'),
(1022,'1037',7,1022,2,'2018-08-03 18:44:00'),
(1023,'1038',7,1023,2,'2018-08-03 18:44:00'),
(1024,'1039',7,1024,2,'2018-08-03 18:44:00'),
(1025,'1040',7,1025,2,'2018-08-03 18:44:00'),
(1026,'1041',7,1026,2,'2018-08-03 18:44:00'),
(1027,'1042',7,1027,2,'2018-08-03 18:44:00'),
(1028,'1043',7,1028,2,'2018-08-03 18:44:00'),
(1029,'1044',7,1029,2,'2018-08-03 18:44:00'),
(1030,'1045',7,1030,2,'2018-08-03 18:44:00');

/*Table structure for table `guest_meta` */

DROP TABLE IF EXISTS `guest_meta`;

CREATE TABLE `guest_meta` (
  `meta_id` int(2) NOT NULL AUTO_INCREMENT,
  `meta_name` varchar(50) NOT NULL COMMENT 'Nama Website',
  `meta_desc` text,
  `meta_keyword` text,
  `meta_author` varchar(100) DEFAULT NULL,
  `meta_developer` varchar(50) DEFAULT NULL,
  `meta_robots` varchar(50) DEFAULT NULL,
  `meta_googlebots` varchar(50) DEFAULT NULL,
  `meta_update` datetime NOT NULL,
  PRIMARY KEY (`meta_id`)
) ENGINE=InnoDB AUTO_INCREMENT=2 DEFAULT CHARSET=utf8;

/*Data for the table `guest_meta` */

insert  into `guest_meta`(`meta_id`,`meta_name`,`meta_desc`,`meta_keyword`,`meta_author`,`meta_developer`,`meta_robots`,`meta_googlebots`,`meta_update`) values 
(1,'GUEST-APP','Aplikasi Penerima Tamu Undangan Pernikahan','pernikahan, tamu, wedding, guest, undangan','Jama&#039; Rochmad Muttaqin','Jama&#039; Rochmad Muttaqin','index, follow','index, follow','2018-07-01 11:39:04');

/*Table structure for table `guest_table` */

DROP TABLE IF EXISTS `guest_table`;

CREATE TABLE `guest_table` (
  `table_id` int(2) NOT NULL AUTO_INCREMENT,
  `table_name` varchar(50) NOT NULL,
  `table_update` datetime NOT NULL,
  PRIMARY KEY (`table_id`),
  KEY `table_name` (`table_name`)
) ENGINE=InnoDB AUTO_INCREMENT=9 DEFAULT CHARSET=latin1;

/*Data for the table `guest_table` */

insert  into `guest_table`(`table_id`,`table_name`,`table_update`) values 
(2,'ANGGREK (VIP)','2018-07-01 14:53:28'),
(3,'DAHLIA','2018-07-01 12:38:30'),
(4,'MAWAR','2018-07-29 20:12:35'),
(7,'BOUGENVILLE','2018-07-01 12:38:54'),
(8,'MELATI','2018-07-29 20:12:59');

/*Table structure for table `guest_temp` */

DROP TABLE IF EXISTS `guest_temp`;

CREATE TABLE `guest_temp` (
  `temp_code` varchar(5) NOT NULL,
  `temp_name` varchar(50) NOT NULL,
  `temp_jml` int(2) NOT NULL DEFAULT '0',
  `table_id` int(2) NOT NULL DEFAULT '0',
  PRIMARY KEY (`temp_code`)
) ENGINE=InnoDB DEFAULT CHARSET=utf8;

/*Data for the table `guest_temp` */

insert  into `guest_temp`(`temp_code`,`temp_name`,`temp_jml`,`table_id`) values 
('0001','BU NYAI MASLICHAH',2,2),
('0002','H. MAHMUDI SEKELUARGA',4,2),
('0003','H.SUTARTO SEKELUARGA',2,2),
('0004','H.NORHALIM SEKALIAN',2,2),
('0005','HJ.ZULAICHAH',1,2),
('0006','HJ.ELSE WARDAH',1,2),
('0007','K.H ABDUL MUCHID',2,2),
('0008','H.SUCIPTO SEKELUARGA',5,2),
('0009','H.AHMAD AHADI SEKELUARGA',4,2),
('0010','H.BURHANUDIN SEKELUARGA',4,2),
('0011','ADI SETYARTA SEKELUARGA',4,2),
('0012','H.LUQMAN HAKIM SEKELUARGA',4,2),
('0013','MAS FAD SEKELUARGA',3,2),
('0014','ARI WISONO SEKELUARGA',4,2),
('0015','TARIYANTI SEKELUARGA',2,2),
('0016','H.KARTONO SEKALIAN',2,2),
('0017','H.NURUDDIN SEKELUARGA',5,2),
('0018','H.FAIZUN SEKELUARGA',3,2),
('0019','H.SLAMET ZAENURI SEKELUARGA',3,2),
('0020','H.ULIL MAULA HIMAWAN SEKEL',3,2),
('0021','MUHAMMAD FADHOL SEKEL',3,2),
('0022','FATCHUR ROZAK SEKELUARGA',3,2),
('0023','HJ.SITI ASMARI',2,2),
('0024','ACHMAD TOTOK HARNOTO',2,2),
('0025','SITI ARIFAH',2,2),
('0026','SITI ASTUTI',2,2),
('0027','ACHMAD ARIFIN SEKALIAN',2,2),
('0028','MBAK IFA DAN ADEK KEMBAR',3,2),
('0029','H.HASAN SEKELUARGA',4,2),
('0030','HJ.ESTIANAH SEKELUARGA',3,2),
('0031','H.FAUZAN SEKALIAN',2,2),
('0032','HJ.TITIK NURZULA',2,2),
('0033','KASMITO SEKALIAN',2,2),
('0034','SUTAMAN SEKALIAN',2,2),
('0035','H.Adib Aminudin. SE, MM',2,2),
('0036','H.Firda Firdausi. SE, MM',2,2),
('0037','Wachyudin Achsan, ST',2,2),
('0038','H. Wachidi Akrom, ST',2,2),
('0039','Muchamad Rizal, Amd',2,2),
('0040','Ibu Hj.Saidah Noor',2,2),
('0041','H. Achsin Sekalian',2,2),
('0042','H. Herman Purnomo',2,2),
('0043','H. Said Wibisono',2,2),
('0044','H. Fachri Yusuf',2,2),
('0045','H.dr. Ali Marsudi, Sp. A ',2,2),
('0046','H. Ir MUHAMMAD TAMZIL',2,2),
('0047','H. M .HARTOPO . ST, MM',2,2),
('0048','H. HARIYANTO',2,2),
('0049','AKBP AGUSMAN GURNING',2,2),
('0050','KOMPOL M.RIDWAN',2,2),
('0051','KOMPOL CAHYO',2,2),
('0052','K.H ULIL ALBAB ARWANI',2,2),
('0053','K.H ULIN NUHA ARWANI',2,2),
('0054','K.H MAKSUM AK',2,2),
('0055','H. SUKISMAN',5,4),
('0056','dr. H Ribekan Mkes',5,4),
('0057','H.Maimun',4,4),
('0058','H. M. Roghib',5,4),
('0059','Hj.Khusniah',3,4),
('0060','H M Ali Akhmadi',4,4),
('0061','Agus Purnomo',3,4),
('0062','Ubabul Arif SE',4,4),
('0063','dr H Aziz Soleh',5,4),
('0064','Pramuji',5,4),
('0065','Ahmad Nasir',4,4),
('0066','H Agus Kustoro',2,4),
('0067','Aizah Isafitri',4,4),
('0068','H Musafak',2,4),
('0069','Umi Kulsum',4,4),
('0070','Inna Khamdanah',3,4),
('0071','Bp Jumadi',2,4),
('0072','Pak Mat',2,4),
('0073','Pak Darto',2,4),
('0074','Komsatun',2,4),
('0075','Lukman Hakim',2,4),
('0076','drg Dyaswara Tituk Ajeng',2,4),
('0077','drg Dyah Enggar W',2,4),
('0078','drg Nabila',2,4),
('0079','H. Zainuri',3,4),
('0080','H Irfan',2,4),
('0081','H. Marsyahid',2,4),
('0082','K. Sobri',2,4),
('0083','Agung Widodo',2,4),
('0084','Bambang',2,4),
('0085','Bu Noor Wachidah',2,4),
('0086','Mbak Rika',2,4),
('0087','IBU HJ.MUNKHAIROH',2,4),
('0088','HJ.HERMINI TAFTA YANI ',2,4),
('0089','H.BAMBANG SEKALIAN',2,4),
('0090','HARMOKO PANCA PUTRA',2,4),
('0091','ROMI',2,4),
('0107','H.JUPRIADI SEKELUARGA',3,8),
('0108','MUKHLIS SEKALIAN',3,8),
('0109','HUDA SEKALIAN',3,8),
('0110','YUYUN SEKALIAN',2,8),
('0111','BULEK SRI SEKELUARGA',5,8),
('0112','BULEK TUTIK',2,8),
('0113','ISTI INDRIANI SEKALIAN',3,8),
('0114','WINARTI SEKALIAN',3,8),
('0115','ZULFA ZUNIARTI SEKALIAN',3,8),
('0116','AMINATUN SEKALIAN',3,8),
('0117','LEK QOSIM',1,8),
('0118','ZUSRONI SEKALIAN',2,8),
('0119','NANIK SEKALIAN',3,8),
('0120','MUNANDIFAH',2,8),
('0121','SATONAH',2,8),
('0122','KARSIH',2,8),
('0123','TUROEKHAN SEKALIAN',5,8),
('0124','AHMAD ROZAQ SEKALIAN',3,8),
('0125','ANTON SEKALIAN',3,8),
('0126','SONI HARSONO SEKALIAN',3,8),
('0127','CHANIF FAUZAN',2,8),
('0128','ALI ZAMRONI SEKALIAN',2,8),
('0129','ROFIQ ALI SEKALIAN',2,8),
('0130','FERRY',5,8),
('0131','ZAQIATUN NI\'AM SEKALIAN',3,8),
('0132','KHOTMUNNAFI\' SEKALIAN',2,8),
('0133','KUSTIYAH/ MAS AKUNG',3,8),
('0134','BULEK MIYATI SEKELUARGA',2,8),
('0135','MILA SEKALIAN',2,8),
('0136','HJ.HINDUN',2,8),
('0137','NOR IZAH',2,8),
('0138','NOR KHOLIQ',2,8),
('0139','SOLEKHAN ',2,8),
('0140','SRIDATEN',2,8),
('0141','NOOR IZAH SEKELUARGA',2,8),
('0142','DEK VINA SEKALIAN',2,8),
('0143','EKO HARIYANTO',2,8),
('0144','HANIT TOHARI',2,8),
('0145','ARIS SANTOSO SEKELUARGA',2,8),
('0146','BUDHE TUN',2,8),
('0147','PAK DHE ZURI',2,8),
('0148','PAK DHE TO',2,8),
('0149','MAS LILIK ISTRI',2,8),
('0150','MAS KHANAFI',2,8),
('0151','MOCH ALIMIN',2,8),
('0152','MOCH KHOIRONI',3,8),
('0153','ACHMAD FATONI',3,8),
('0154','NURUL DARMAWATI',3,8),
('0155','SITI LASTUTI',2,8),
('0156','AGUS PURWANTO',2,8),
('0157','BAMBANG SETYOBUDI',3,8),
('0158','HJ.KHODRIYATUN',2,8),
('0159','KHOTIBUL UMAM',0,8),
('0160','H.HARTOYO',2,8),
('0161','AULIA FATMA AMALINA',2,8),
('0162','H.ASROFI',2,8),
('0163','PURWANI',2,8),
('0164','NURHADI',3,8),
('0165','MOH. SODIQIN',2,8),
('0166','H.ROSYID',2,8),
('0167','BAMBANG',2,8),
('0168','ABDUL  MALIK',2,8),
('0169','MOCH KAMIRAN/LEK TUN',2,8),
('0170','KAYATUN',2,8),
('0171','NURYATI',2,8),
('0172','H.ARIS WURYANTO',3,8),
('0173','SUJUDI',2,8),
('0174','SAMINAH',2,8),
('0175','SUPARMAN',2,8),
('0176','MASRIKAN SEKALIAN',2,8),
('0177','MIFTAKHUL HUDA SEKALIAN',4,8),
('0178','AGUS SETIAWAN SEKALIAN',3,8),
('0179','NOR RIKA SANTI',3,8),
('0180','BP. PAIMIN',2,8),
('0181','MASRI\'AH,SA\'IDAH',3,8),
('0182','FAIZAH SEKALIAN',4,8),
('0183','H.NOOR FAEQ SEKALIAN',2,8),
('0184','SHOFA SEKALIAN',2,8),
('0185','MUN\'IM SEKALIAN',2,8),
('0186','CHUSNUL SEKALIAN',2,8),
('0187','H. ROZAQ SEKALIAN',2,8),
('0188','MAS AFID SEKALIAN',2,8),
('0189','DHE PASINI SEKALIAN',2,8),
('0190','NGATINAH SEKALIAN',2,8),
('0191','JONI SEKALIAN',3,8),
('0192','SLAMET RIYADI SEKALIAN',3,8),
('0193','MAS ARIFIN SEKELUARGA',2,8),
('0194','K.H MA\'RUF LC',2,3),
('0195','ALWI THOHIR BA\'AGIL',2,3),
('0196','H. YUDO',2,3),
('0197','H. AFIF',2,3),
('0198','Bp. EDI KOMBOR',2,3),
('0199','AKBP SLAMET RIYANTO',2,3),
('0200','ABDUL HALIL',2,3),
('0201','HENDRO MARTOYO',2,3),
('0202','Bp. CATUR',2,3),
('0203','EDI KODIM',2,3),
('0204','K.H SHODIQUN',2,3),
('0205','Bp. SUTRIS LSM',2,3),
('0206','MAS NAJIB',2,3),
('0207','Bp. BADI PETINGGI',2,3),
('0208','Bp. ASMANI',2,3),
('0209','Bp. RONI',2,3),
('0210','Bp. TOMY',2,3),
('0211','Bp. ANDREAS CAMAT JATI',2,3),
('0212','Bp. DODON',2,3),
('0213','H.NURUL FURQON',2,3),
('0214','MAS SISWANTO',2,3),
('0215','Bp. SAMANI INTAKORIS',2,3),
('0216','H. ULWAN',2,3),
('0217','H. DARUS',2,3),
('0218','MAS PARNO',2,3),
('0219','IPTU CIPTO',2,3),
('0220','AKP BAMBANG KAPOLSEK',2,3),
('0221','AKP EKO RUBIYANTO',2,3),
('0222','AKP MULYONO. SH',2,3),
('0223','AKBP FAJAR ',2,3),
('0224','H. HERIS PARYONO',2,3),
('0225','H. SUGIYANTO SKM',2,3),
('0226','SAGIMAN',2,7),
('0227','SULHADI',2,7),
('0228','HANDIK/BU CIK',2,7),
('0229','MAS YUS',2,7),
('0230','MAS ATAQI',2,7),
('0231','GUNAWAN',2,7),
('0232','SANTOSO',2,7),
('0233','GITO',2,7),
('0234','SHODIQ',2,7),
('0235','MAKSUM BERMI',2,7),
('0236','WIDODO',2,7),
('0237','ARIF',2,7),
('0238','MEI',2,7),
('0239','MAS WARTO',2,7),
('0240','H.BIONO',2,7),
('0241','H.SYAFI\'I',2,7),
('0242','H.MUSLIKH',2,7),
('0243','H.FATKHUROHMAN',2,7),
('0244','MAHFUDZ',2,7),
('0245','ABDUS SHOMAD',2,7),
('0246','SANTO',2,7),
('0247','HERU / BU NANIK',2,7),
('0248','K.H SYAFIUDIN',2,7),
('0249','SISWANTO / WA',2,7),
('0250','SALAM',2,7),
('0251','H.SALIM',2,7),
('0252','MASTINI',2,7),
('0253','ASMU\'I',2,7),
('0254','SUKAMTO',2,7),
('0255','AMRON',2,7),
('0256','NASUKHA',2,7),
('0257','KACIPNO',2,7),
('0258','WIBI MIZANI',2,7),
('0259','GALIH SANGAJI',2,7),
('0260','ZAKKY ISNAYADI',2,7),
('0261','H.SUCIPTO',2,7),
('0262','MAK DHE JAH',2,7),
('0263','K.H MAKSUM AK',2,7),
('0264','AHMAD BENGKEL',2,7),
('0265','MUSTAQIM',2,7),
('0266','SULIKHAN',2,7),
('0267','ZAKIN',2,7),
('0268','ASYROFI',2,7),
('0269','SUJUD',2,7),
('0270','LUKMAN',2,7),
('0271','JUREMI',2,7),
('0272','TASRIP',2,7),
('0273','H.SUMANI',2,7),
('0274','SADAR',2,7),
('0275','IBU TASNAAH',2,7),
('0276','JATMIKO',2,7),
('0277','KARNO',2,7),
('0278','MUSTOFA',2,7),
('0279','GHUFRON',2,7),
('0280','BUSRO',2,7),
('0281','ANSOR',2,7),
('0282','CHOIRUL ANWAR',2,7),
('0283','SLAMET ALMA\'ARIF',2,7),
('0284','ISLAKHUL WAFA',2,7),
('0285','H.SUTAMIN',2,7),
('0286','DARMANTO',2,7),
('0287','M.HANAFI',2,7),
('0288','ANAS',2,7),
('0289','MUSTA\'FIF (KANG AFIF)',2,7),
('0290','MBAK EMA',2,7),
('0291','H.TUHARIYO',2,7),
('0292','H.SANUSI / BU INYATI',2,7),
('0293','K.H SHODIQ NOOR',2,7),
('0294','H.CHAMIM',2,7),
('0295','FATKHUROHIM',2,7),
('0296','RISTIYANTO',2,7),
('0297','SYAIFUDIN / IBU MUSTIFAH',2,7),
('0298','FAKHRUL ANAM',2,7),
('0299','H.FAHRUDDIN / IBU TIEK',2,7),
('0300','MIFTAHUL RIZA',2,7),
('0301','K.H SUHARTO',2,7),
('0302','NUR WAHID',2,7),
('0303','SAMIRAH',2,7),
('0304','SUKARJO',2,7),
('0305','ACHMADI',2,7),
('0306','IMAM ABADI',2,7),
('0307','UJIANTO',2,7),
('0308','PRASETYO',2,7),
('0309','PRABOWO',2,7),
('0310','ALI MUSTA\'IN SEKALIAN',2,7),
('0311','SUBADI SEKALIAN',2,7),
('0312','H. SUTOYO',2,7),
('0313','ERWIN',2,7),
('0314','WAHYU',2,7),
('0315','SURADJI',2,7),
('0316','TAUFIQ CHOPER',2,7),
('0317','SU\'UD',2,7),
('0318','ERIS YOGA PERMANA',2,7),
('0319','IBU KAHAR',2,7),
('0320','IBU SUTIYONO',2,7),
('0321','PURNOMO',2,7),
('0322','FAIZ IZATA',2,7),
('0323','K.H MA\'RUF/ BU MUS',2,7),
('0324','K.H FAIDZI',2,7),
('0325','HABIB',2,7),
('0326','SIHAB',2,7),
('0327','DAYAT',2,7),
('0328','UJANG',2,7),
('0329','H. NOOR HUDA',2,7),
('0330','KASTUPAR',2,7),
('0331','ACHMAD SALIM / MANDOR',2,7),
('0332','SOFIANTO',2,7),
('0333','FATKHAN',2,7),
('0334','HARIYONO GYPSUM',2,7),
('0335','ANWAR',2,7),
('0336','WIDODO',2,7),
('0337','IHSAN',2,7),
('0338','HASAN ABDULLOH',2,7),
('0339','SUTRIMAN ALM',2,7),
('0340','SELAMET',2,7),
('0341','NASIKUN',2,7),
('0342','H.SUJONO',2,7),
('0343','HJ.RUBI\' ZAENURI',2,7),
('0344','H.ABDUL KARIM',3,7),
('0345','SRI PURWANINGSIH',2,7),
('0346','ABU MUSLLIM',2,7),
('0347','AFIF',2,7),
('0348','BADRUS',2,7),
('0349','MILA',2,7),
('0350','TAKIM',2,7),
('0351','KASTURI',2,7),
('0352','FITRI',2,7),
('0353','UMAM',2,7),
('0354','ALIFAH',2,7),
('0355','ZAENAL',2,7),
('0356','PURWADI',2,7),
('0357','SUFI',2,7),
('0358','SANI',2,7),
('0359','NURUL',2,7),
('0360','NANING',2,7),
('0361','SYAFI\'AN',4,7),
('0362','INA',2,7),
('0363','SUJONO',2,7),
('0364','UMI SALAMAH',2,7),
('0365','KAMIL',2,7),
('0366','MUHIBBIN',2,7),
('0367','AHSIN',3,7),
('0368','DEBU ELSA',3,7),
('0369','NA\'IM',2,7),
('0370','ROUDHOTUL AULIA',2,7),
('0371','DEDI HIDAYAT',2,7),
('0372','MUSTAQORI',2,7),
('0373','GAYENG K.',3,7),
('0374','BAKHRO',3,7),
('0375','SUJUD',2,7),
('0376','MAFTUKHAH',2,7),
('0377','H.SLAMET SARIDIN ',3,7),
('0378','NYI TUN',2,7),
('0379','JUNED',2,7),
('0380','UMI FARICHAH',2,7),
('0381','SUMIATUN',2,7),
('0382','HERI',2,7),
('0383','AMIN',2,7),
('0384','ALIM',2,7),
('0385','KHARIRI',3,7),
('0386','TUGIROH',2,7),
('0387','HASAN',2,7),
('0388','AKP.MUKHLISIN',2,7),
('0389','BOWO DEMAK',2,7),
('0390','SUWARNO DISHUB',2,7),
('0391','DR. AGUS',2,7),
('0392','H. MASRUKIN',2,7),
('0393','SULIS',2,7),
('0394','ROHYATI',2,7),
('0395','H.KOESNAN',2,7),
('0396','MAS YOGO SEKALIAN',2,7),
('0397','FATAH',2,7),
('0398','NADHIROH',2,7),
('0399','CHOLIS',2,7),
('0400','KHOLIDAH',2,7),
('0401','YOYOK',2,7),
('0402','ABADI',2,7),
('0403','HARYATI',2,7),
('0404','SUHADI',2,7),
('0405','SUHARTO',2,7),
('0406','SHODIQ',2,7),
('0407','HJ.SUGIHARTI',2,7),
('0408','UNSA MARIANA SEKALIAN',2,7),
('0409','MASKURI',2,7),
('0410','NURUL/MAS KUSNO',2,7),
('0411','BULEK YAH',2,7),
('0412','ROIS',2,7),
('0413','CHONIFAH',2,7),
('0414','IBU SONHAJI',2,7),
('0415','H.RUSLIN SEKALIAN',2,7),
('0416','WACHID AMILUDIN',2,7),
('0417','ADI',1,7),
('0418','BAHARUDDIN',1,7),
('0419','ABDULLOH MAGHFUR',1,7),
('0420','MUTHOHAR BAEDUN',1,7),
('0421','ARZIL AZIZ',1,7),
('0422','DHIMAS',1,7),
('0423','DONI SIGIT NUGROHO',2,7),
('0424','WAHONO SEKALIAN',2,7),
('0425','WAHYUDI SEKALIAN',2,7),
('0426','MAS AZIZ',2,7),
('0427','MAS OKI SEKALIAN',2,7),
('0428','YULIANTO SEKALIAN',2,7),
('0429','IZZAT SEKALIAN',2,7),
('0430','ZAENAL SEKALIAN',2,7),
('0431','DR.ANDY SEKALIAN',2,7),
('0432','BU INDAH LYDIA',2,7),
('0433','MAS AGUS SEKALIAN',2,7),
('0434','MAS TAIN HARMONI',2,7),
('0435','MBAK LENY HARMONI',2,7),
('0436','MBAK IDA PERMATA',2,7),
('0437','MAS TONI ',2,7),
('0438','DEFA',2,7),
('0439','MBAK EEN HERLINA',2,7),
('0440','MBAK ANIS',2,7),
('0441','MBAK IKA',2,7),
('0442','MAS EDI SEKALIAN',2,7),
('0443','MAS DANI SEKALIAN',2,7),
('0444','MBAK MARIA',2,7),
('0445','MBAK NOVI',2,7),
('0446','MARITSA',2,7),
('0447','MBAK NURUL',2,7),
('0448','MAS BENY',2,7),
('0449','MAMI ELI',2,7),
('0450','CIMOL',2,7),
('0451','BUNDA RITA',2,7),
('0452','MAS RUDI',2,7),
('0453','MAS DIAN',2,7),
('0454','EVA TYAS',2,7),
('0455','MBAK LELA',2,7),
('0456','MBAK WULAN',2,7),
('0457','drg. WENNI QORINA',2,7),
('0458','CAHYAWATI',2,7),
('0459','MBAK NANA',2,7),
('0460','AYU VIRA SANTI',2,7),
('0461','RAGIL GRIPTHA',2,7),
('0462','EVAN GRIPTHA',2,7),
('0463','RETNO GRIPTHA',2,7),
('0464','YESSI GRIPTHA ',2,7),
('0465','HAPPY ARDIANA',2,7),
('0466','ZAIMATUL CHOIRIAH',2,7),
('0467','DONI PRASONO',2,7),
('0468','MELI TIGARODA',2,7),
('0469','MOCH NAILAL KHUSNA',2,7),
('0470','MUFLIKH BASHORI',2,7),
('0471','SUSI',2,7),
('0472','AGUS SYAIFUDIN',2,7),
('0473','AYU FAFAZIYAH',2,7),
('0474','DWI NOPRIYANDANI',2,7),
('0475','ANA DESIANA',2,7),
('0476','RIFKIE ADI RESTUMA',2,7),
('0477','MOCH SYAFIQURAHMAN',2,7),
('0478','ANDI PUJO RUKMONO',2,7),
('0479','PRIYO',2,7),
('0480','BAGOES ARIWIBOWO',2,7),
('0481','SUPRIHANTO',2,7),
('0482','MOCH AHMAD FATAHILLAH',2,7),
('0483','DWI RETNOSARI',2,7),
('0484','EKO ',2,7),
('0485','ACHMAD MUSTAQIM',2,7),
('0486','UWIK',2,7),
('0487','ARNI DARUSSALAM',2,7),
('0488','ZUNITA ',2,7),
('0489','AHMAD MUSTAQIM',2,7),
('0490','MELI FATMAWATI',2,7),
('0491','GALUH',2,7),
('0492','SANI',2,7),
('0493','SUWITO TOYOTA',2,7),
('0494','MAULANA TIYONO',2,7),
('0495','TOMY',2,7),
('0496','ABDUL MALIK',2,7),
('0497','DISTHA IANOCTA',2,7),
('0498','SAVANI',2,7),
('0499','SAVANA',2,7),
('0500','AYUNDA MAYANG HW',2,7),
('0501','RISMA',2,7),
('0502','KAJI FITRI PRIMASINDO',2,7),
('0503','DEVINA PRIMASINDO',2,7),
('0504','FERI PRIMASINDO',2,7),
('0505','FAIDZIN KWSG',2,7),
('0506','DANIEL HARTONO',2,7),
('0507','JEFRI CSA',2,7),
('0508','ARIF RULLY CUI',2,7),
('0509','ANDRI GUNUNG JATI',2,7),
('0510','RAHMAD (MAMAD)',2,7),
('0511','MBAH SAWIT',2,7),
('0512','KEPALA CAB.MANDIRI',2,7),
('0513','FARID RAHMAN',2,7),
('0514','ADI NUGROHO',2,7),
('0515','SITI HIDAYATI',2,7),
('0516','CINDY MANDIRI',2,7),
('0517','ERWANTO',2,7),
('0518','CHANDRA',2,7),
('0519','GALIH',2,7),
('0520','HASTOMO ARDI BNI',2,7),
('0521','DEVI BCA',2,7),
('0522','IBU HENY PURWANTI BCA',2,7),
('0523','Bp AMIR SEKALIAN',2,7),
('0524','MBAK SUNDARI',2,7),
('0525','MBAK SAMINI',2,7),
('0526','MBAK WINDI KAYEN',2,7),
('0527','MAS DUL ALUMUNIUM',2,7),
('0528','MAS JADI GYPSUM',2,7),
('0529','MAS MULYONO DEMAK',2,7),
('0530','OM CUAN EVISIEN GALVALUM',2,7),
('0531','ELIZA / LOGAM JAYA',2,7),
('0532','FAIRUS FOTOCOPY',2,7),
('0533','UUN PAJAK',2,7),
('0534','HABIBAH BENGKEL',2,7),
('0535','H.WAHO (PERKASA SAKTI)',2,7),
('0536','MAS ZUFAR MEBEL',2,7),
('0537','DWI ADRIYANTI',2,7),
('0538','BETTY LAILATUL KHUSNA',2,7),
('0539','CHARISMA PUTRI NANDASARI',2,7),
('0540','UMMARUN NISA BCA',2,7),
('0541','SETYO RISTIANTO',2,7),
('0542','DONI BAGUS',2,7),
('0543','BUDI ALFARK',2,7),
('0544','ROCHANI',2,7),
('0545','CHRISTIAN BONA',2,7),
('0546','FANDI',2,7),
('0547','JEFRI PAMBUDI',2,7),
('0548','HENAN',2,7),
('0549','ABDUL HANIF',2,7),
('0550','ADI SETIAWAN',2,7),
('0551','dr. GURUH ARYO SENO',2,7),
('0552','AFFAN SATRIO',2,7),
('0553','ANDIKA',2,7),
('0554','MOH.NOOR RIZQI',2,7),
('0555','NOVA AMELIA SARI',2,7),
('0556','SHEILA AMELINDA PUTRI',2,7),
('0557','DIAH AYU KARTIKASARI',2,7),
('0558','dr.INDAH ROSIANA',2,7),
('0559','ERLINA CANDRA',2,7),
('0560','EKA KRISTIANA',2,7),
('0561','WYNDA RATNASARI',2,7),
('0562','RATNA HIKMANINGTYAS',2,7),
('0563','DIAN FAJRI',2,7),
('0564','AHMAD WAFI B',2,7),
('0565','CAMELIA FAHMI',2,7),
('0566','ILHAM / HERLINA',2,7),
('0567','VIRAWAN',2,7),
('0568','MOCH.RIZZA ARIF',2,7),
('0569','DEVI ANINDYA PUTRI',2,7),
('0570','AJENG QCUNK',2,7),
('0571','PRASETYO ADI',2,7),
('0572','PUTRI FARAH KANDIDA',2,7),
('0573','TRISTY MEINAWATI',2,7),
('0574','BUDI SUCI LUKMONO',2,7),
('0575','DICKY PRIAMBODO',2,7),
('0576','RATRI RAHAYU',2,7),
('0577','ANGGER GALIH',2,7),
('0578','NDARU REALISTIAN',2,7),
('0579','dr.ALI ROHMAD',2,7),
('0580','DEFRI',2,7),
('0581','FUAD',2,7),
('0582','NAFIS SMASA',2,7),
('0583','BAGUS / MUFIDA',2,7),
('0584','SURYO',2,7),
('0585','drg.NOVITA RIZKA YUNIARTI',2,7),
('0586','MIRNA ',2,7),
('0587','ALIVIA ARVE',2,7),
('0588','dr.NAURA NINIT KIRANA',2,7),
('0589','HERMAN PRASTOWO',2,7),
('0590','ARIF RIYAN',2,7),
('0591','NOVI ANDRIANTO',2,7),
('0592','DENY SULISTIYOWATI',2,7),
('0593','RIZKY MAESA',2,7),
('0594','DIMAS ACHMAD',2,7),
('0595','DEDI RESMIANTO',2,7),
('0596','MOHAMAD MUHAJIRIN',2,7),
('0597','UNTUNG ADI WIBOWO',2,7),
('0598','TIYO\' PKPA',2,7),
('0599','SETYO',2,7),
('0600','RIDA',2,7),
('0601','GIYANTO',2,7),
('0602','MBAK RINI SINARMAS',2,7),
('0603','MASRIPAH',2,7),
('0604','SLAMET BUDIANTO',2,7),
('0605','MASLICHAH (SUPARMAN)',2,7),
('0606','MASKARNO',2,7),
('0607','TEGUH WIBOWO',2,7),
('0608','IMAM SUPARDI',2,7),
('0609','MUTTAQIN BILLAH',2,7),
('0610','ACHMAD SAERI',2,7),
('0611','HJ.SRI MARNI',2,7),
('0612','SOFI\'AH',2,7),
('0613','H. SURYONO',2,7),
('0614','NGADINI LUYUNG',2,7),
('0615','SARJONO',2,7),
('0616','MOH YATIN',2,7),
('0617','SUMARLAN',2,7),
('0618','SHOLIKIN',2,7),
('0619','SHOLEH',2,7),
('0620','EKO / ZULIANA MARIA ULFA',2,7),
('0621','NESSIA BUDI',2,7),
('0622','HJ.NURAINI',2,7),
('0623','ARIS ALEX PRASOJO',2,7),
('0624','H.HERU SUSANTO',2,7),
('0625','JEPRO',2,7),
('0626','LULUK PUJI UTOMO',2,7),
('0627','KASILAH',2,7),
('0628','AGUS SUYONO',2,7),
('0629','SUNTI/ SUBADI ALM',2,7),
('0630','SUYANTO',2,7),
('0631','TEMU',2,7),
('0632','KASMINAN',2,7),
('0633','SUBADI SAPON',2,7),
('0634','WURYANTO',2,7),
('0635','H.SARMIN SE',2,7),
('0636','SINAR UTOMO',2,7),
('0637','AMRUL AZZA',2,7),
('0638','WAGIMAN',2,7),
('0639','ROMLI',2,7),
('0640','ACHMAD DUCHI',2,7),
('0641','RUSMIN',2,7),
('0642','TAS\'AN',2,7),
('0643','SUNTARI',2,7),
('0644','KHOIRUL ANTOK',2,7),
('0645','SUDIYATNO',2,7),
('0646','ANDI NUGROHO',2,7),
('0647','MOCHARI',2,7),
('0648','SOLIKUL RIZAL',2,7),
('0649','SUPAR',2,7),
('0650','HARIYADI (JUSTO)',2,7),
('0651','HARTATI / YG MEWAKILI',2,7),
('0652','SUTIK',2,7),
('0653','SUTIKNO',2,7),
('0654','YUDI SETIAWAN',2,7),
('0655','LUKI DENI',2,7),
('0656','KARSIH',2,7),
('0657','PAISAH',2,7),
('0658','NOOR HIDAYATI',2,7),
('0659','ALMAN WICARA',2,7),
('0660','KUSNAN',2,7),
('0661','ULHADI',2,7),
('0662','SUMARDI GRIYET',2,7),
('0663','EDY RT',2,7),
('0664','NASKAN',2,7),
('0665','IBU SUDIKAN',2,7),
('0666','DONI SAPUTRO',2,7),
('0667','SUMARDI RINI',2,7),
('0668','WARSITI',2,7),
('0669','ALI MUSTA\'IN',2,7),
('0670','SUMARNO',2,7),
('0671','SLAMET FAOZI',2,7),
('0672','IWAN',2,7),
('0673','MUSBAH',2,7),
('0674','SUGITO',2,7),
('0675','SARDI',2,7),
('0676','NOOR ROKHIM',2,7),
('0677','RANTO NGAISAH',2,7),
('0678','JAMI\'AN',2,7),
('0679','KARYONO',2,7),
('0680','KARMAN',2,7),
('0681','SUKARNO (KEMENG)',2,7),
('0682','BUDI SANTOSO',2,7),
('0683','KUNSARWANI',2,7),
('0684','NGATIMAN',2,7),
('0685','BASRI',2,7),
('0686','SULIYAH',2,7),
('0687','TUKIMAN',2,7),
('0688','SUBUR',2,7),
('0689','SABAR BO\'O',2,7),
('0690','ARIS PRASETYO',2,7),
('0691','MAS YOYOK',2,7),
('0692','KUSTIYONO',2,7),
('0693','BANGUN SUTRISNO',2,7),
('0694','LEGIMAN SARU',2,7),
('0695','EKO PURWANTO',2,7),
('0696','KARTO TAMBAH',2,7),
('0697','NOR IKHSAN',2,7),
('0698','GUNAWAN HETIK',2,7),
('0699','EKO HERNANTO',2,7),
('0700','ST YUWONO',2,7),
('0701','KHUSAERI',2,7),
('0702','ARIEF SUGIARTO',2,7),
('0703','H.SOFWAN RAS',2,7),
('0704','MOCH SYAFI\'I',2,7),
('0705','BU SILAH/ BU SUMARGONO',2,7),
('0706','HERU HANDOKO',2,7),
('0707','H. SUYANTO AC',2,7),
('0708','HANDONO',2,7),
('0709','AGUS SALIM',2,7),
('0710','SUMAJI',2,7),
('0711','SUDARMAN',2,7),
('0712','SABAR SAKIMAN',2,7),
('0713','SUYITNO',2,7),
('0714','VALEN RAKA SIWI',2,7),
('0715','H.MOCH SYUKUR',2,7),
('0716','WELLY LUSDIANTO',2,7),
('0717','MAS WID',2,7),
('0718','SUWARNO',2,7),
('0719','RUMADI',2,7),
('0720','SURAHMAN',2,7),
('0721','SUKARJO',2,7),
('0722','MAULANA TIYONO',2,7),
('0723','ABADI ',2,7),
('0724','SUNU PS',2,7),
('0725','ENDANG NANDA',2,7),
('0726','RASMANI',2,7),
('0727','SUNAR',2,7),
('0728','KASRIPAH',2,7),
('0729','SONI DARSONO',2,7),
('0730','SRI HARTUTIK',2,7),
('0731','DWI HADIYANTO',2,7),
('0732','PUSITO',2,7),
('0733','AHMAD MAULANA',2,7),
('0734','ACONG',2,7),
('0735','SUTRISNO ALI MAJI',2,7),
('0736','DISTHA IANOCTAF',2,7),
('0737','URIFAH',2,7),
('0738','YULI',2,7),
('0739','H.SAYID YUNANTA',2,7),
('0740','HADI SAPUTRO',2,7),
('0741','SITI ASROFAH',2,7),
('0742','CHOLIS FIKRI',2,7),
('0743','NUGROHO',2,7),
('0744','SRI HARDININGSIH',2,7),
('0745','ANGGUN',2,7),
('0746','SISWANTO',2,7),
('0747','SITI NOORKHAYATIMAH',2,7),
('0748','NANCY',2,7),
('0749','NANDY',2,7),
('0750','GANDHI',2,7),
('0751','SUDARTO',2,7),
('0752','OTHSA CERY W',2,7),
('0753','SUGIARTO',2,7),
('0754','NOOR KHALIM',2,7),
('0755','SUWANTO',2,7),
('0756','NORHADI',2,7),
('0757','RONJI',2,7),
('0758','ARIFIN',2,7),
('0759','ABDUL CHOLIQ',2,7),
('0760','ENY SUPRIHATI',2,7),
('0761','ROKHIM',2,7),
('0762','SUNTONO',2,7),
('0763','ABDULLOH',2,7),
('0764','TAUFIQURRAHMAN',2,7),
('0765','ROFIQ',2,7),
('0766','SUPAAT',2,7),
('0767','KASIR',2,7),
('0768','RUMONO',2,7),
('0769','FATKHUR RONDI',2,7),
('0770','NOOR RICHAN',2,7),
('0771','NOOR KHOLIS',2,7),
('0772','SUGIONO',2,7),
('0773','IBU NI\'HAYAH ',2,7),
('0774','MIF',2,7),
('0775','SHOFA ',2,7),
('0776','IBU TINI /BP.JASIMUN ALM',2,7),
('0777','UMAR /MBAK IMA',2,7),
('0778','TAUFIK',2,7),
('0779','MUFLIH BASORI',2,7),
('0780','MBAH BARDI',2,7),
('0781','SUBANDI',2,7),
('0782','JUNAWAN',2,7),
('0783','MAMAN GETHOK',2,7),
('0784','NGASRIPAN',2,7),
('0785','HARIYONO',2,7),
('0786','BU HINDASAH',2,7),
('0787','MBAH NGADRI',2,7),
('0788','MBAH KAHAR',2,7),
('0789','WIN ADI WINOTO',2,7),
('0790','YON SUGIANTO',2,7),
('0791','IJEHONO',2,7),
('0792','ADHIYULISTIANTO',2,7),
('0793','AGUSTHA',2,7),
('0794','KARMIN',2,7),
('0795','SUPRAPTO',2,7),
('0796','KUSUBIYAKTO',2,7),
('0797','ADI',2,7),
('0798','H. HANDOYO',2,7),
('0799','NANDAR/LOGAM MULIA',2,7),
('0800','PAK OLES / BP.ADI',2,7),
('0801','RIANTO (PADANG)',2,7),
('0802','BABE RM.CITRA MURIA',2,7),
('0803','SUSILO',2,7),
('0804','PUJO',2,7),
('0805','IMAM WAHYUDI',2,7),
('0806','ENDANG',2,7),
('0807','SUBHAN',2,7),
('0808','INDAH DJARUM',2,7),
('0809','SUPRATMAN',2,7),
('0810','KARSONO',2,7),
('0811','MBAK NOVI',2,7),
('0812','ANJAR PURNOMO',2,7),
('0813','NOOR FALIQ',2,7),
('0814','SUPONO',2,7),
('0815','SONI',2,7),
('0816','ARIEF',2,7),
('0817','BU RIRIN',2,7),
('0818','H. SUDADI',2,7),
('0819','SHOLEH VESPA',2,7),
('0820','H.SYAMSUBANAR',2,7),
('0821','JAROH',2,7),
('0822','EKO SANDIKA',2,7),
('0823','KHUMIYATI',2,7),
('0824','H.JALMAN',2,7),
('0825','CRISTIAN',2,7),
('0826','SUSANA',2,7),
('0827','IBU SUWARDI',2,7),
('0828','TAMSIR',2,7),
('0829','HJ.SULASTRI',2,7),
('0830','KAJI NOVA',2,7),
('0831','RUPANGAT',2,7),
('0832','RUMADI',2,7),
('0833','BAMBANG VESPA',2,7),
('0834','BAGIO',2,7),
('0835','SISWANTO',2,7),
('0836','PURWANTO',2,7),
('0837','GATOT ',2,7),
('0838','LINA',2,7),
('0839','TO\'AT RAMINTO (CUPLIS)',2,7),
('0840','H.JAYADI',2,7),
('0841','HJ.SUTINI',2,7),
('0842','TATIK HARDIYATI',2,7),
('0843','IBU NGATEMI',2,7),
('0844','DAYAT',2,7),
('0845','SUTRIS',2,7),
('0846','IBU YETI ALM/MEWAKILI',2,7),
('0847','SOLEKHAN / PERET',2,7),
('0848','SANTO',2,7),
('0849','SEGER',2,7),
('0850','URIP',2,7),
('0851','H.SUTRIS',2,7),
('0852','YANTO',2,7),
('0853','BANDI',2,7),
('0854','HARNOTO',2,7),
('0855','H.HENDRO',2,7),
('0856','H.BADRI',2,7),
('0857','IBU SITI SELAMET',2,7),
('0858','EKO TUMARNO',2,7),
('0859','PARYOTO',2,7),
('0860','DODI SANTOSO',2,7),
('0861','AS\'AT ',2,7),
('0862','NOOR ACHSAN',2,7),
('0863','IBU SULASTRI',2,7),
('0864','ROHMAN',2,7),
('0865','PODO SOLICHIN / YG MEWAKILI',2,7),
('0866','IBU HURI\'AH ',2,7),
('0867','ZAENURI',2,7),
('0868','IBU SRI AYU',2,7),
('0869','IBU KARTI',2,7),
('0870','MARSIDI',2,7),
('0871','RUMANI',2,7),
('0872','SANTOSO',2,7),
('0873','SUYITNO',2,7),
('0874','MASHADI',2,7),
('0875','MASKAN',2,7),
('0876','H.SUWADI',2,7),
('0877','ALI SHODIQUN',2,7),
('0878','IBU RUBI\'ATUN/ YG MEWAKILI',2,7),
('0879','HARTONO',2,7),
('0880','KHUNDHORI',2,7),
('0881','SARNI',2,7),
('0882','ARWANI',2,7),
('0883','AFDHOLI',2,7),
('0884','SISWANTO',2,7),
('0885','SUCIPTO',2,7),
('0886','IBU MASKANAH ',2,7),
('0887','INDARIYANTO',2,7),
('0888','ICHWAN',2,7),
('0889','JUMIRAN',2,7),
('0890','SULIKAN MODIN',2,7),
('0891','PASIRAN',2,7),
('0892','JAMA\'AH',2,7),
('0893','KOSRIN',2,7),
('0894','AGUS / NINI',2,7),
('0895','IBU TITIK ',2,7),
('0896','MAS YOYOK',2,7),
('0897','H. SYAFI\'I',2,7),
('0898','H.ZARKONI',2,7),
('0899','FAIZIN',2,7),
('0900','H.SUYONO',2,7),
('0901','IBU TATIK ARWAN',2,7),
('0902','IBU SUSI / JOKO PITOYO',2,7),
('0903','MAS WIWIT ',2,7),
('0904','BANGUN',2,7),
('0905','H. ROFI\'I',2,7),
('0906','MARSONO',2,7),
('0907','H. RIDWAN',2,7),
('0908','H.JAHURI',2,7),
('0909','MUHAIMIN',2,7),
('0910','RO\'UB',2,7),
('0911','MASKOB',2,7),
('0912','IBU SULAMI / YG MEAKILI',2,7),
('0913','SUMANTRI',2,7),
('0914','',2,7),
('0915','JUPRI TUKANG',2,7),
('0916','HANIF',2,7),
('0917','ANWAR',2,7),
('0918','UNYIL',2,7),
('0919','PRAYIT',2,7),
('0920','FAIQ',2,7),
('0921','SELAMET',2,7),
('0922','HASBULLAH BIN K.H A BAKRI',2,7),
('0923','SUPARNO / JATI BANGUN',2,7),
('0924','TAMAM',2,7),
('0925','SUTOPO / SITI AISYAH',2,7),
('0926','HJ.SRI TUGU',2,7),
('0927','UMI KALSUM',2,7),
('0928','SHOLEH',2,7),
('0929','H. SUBCHAN',2,7),
('0930','H. RONDI',2,7),
('0931','MUSLIH',2,7),
('0932','KHOIRI',2,7),
('0933','MBAK HETY',2,7),
('0934','SA\'ID ',2,7),
('0935','SUKARDI',2,7),
('0936','FAQIH',2,7),
('0937','KASTI',2,7),
('0938','JASMI',2,7),
('0939','KUSNIN',2,7),
('0940','Drs.SUDIRMAN',2,7),
('0941','H.SUGIARTO ',2,7),
('0942','MOCH HARI ANUGRAH',2,7),
('0943','YUDI',2,7),
('0944','ZUHRI',2,7),
('0945','SUPARNO / TUKANG',2,7),
('0946','MAS ZAENAL ',2,7),
('0947','ARI WIBOWO',2,7),
('0948','SUKRON',2,7),
('0949','H. MA\'RUF',2,7),
('0950','H.SINUNG MUKHSIN',2,7),
('0951','IBU SAROPAH',2,7),
('0952','MBAK FAUZIAH',2,7),
('0953','H.ANSHORI',2,7),
('0954','SUPRIYONO',2,7),
('0955','TAUFIK',2,7),
('0956','SUKAMTO',2,7),
('0957','PRIYO TRIYANTO',2,7),
('0958','IBU PARTI',2,7),
('0959','AHMADI',2,7),
('0960','SUTOMO',2,7),
('0961','JARWO',2,7),
('0962','PUR / NARTI',2,7),
('0963','HARNI',2,7),
('0964','MUDRIKAH',2,7),
('0965','SULIS',2,7),
('0966','BANDI',2,7),
('0967','NASRI',2,7),
('0968','SELAMET HARIYANTO',2,7),
('0969','SAPUAN',2,7),
('0970','BURHAN',2,7),
('0971','KANG ALI',2,7),
('0972','KASMADI',2,7),
('0973','SOLEKHAN /MBAH PAN',2,7),
('0974','SITI SHOFIYAH',2,7),
('0975','SUGIARTI',2,7),
('0976','SUTOMO',2,7),
('0977','EVIE PRAVITA SARI',2,7),
('0978','INDAH PURWANTI',2,7),
('0979','AZKA FAHMI',2,7),
('0980','SHINTA ERLITA RAHMAWATI',2,7),
('0981','YUNITA ARYANI',2,7),
('0982','HERI SULISTIYAWAN',2,7),
('0983','ABDUL GHONI',2,7),
('0984','NOOR KHASANAH',2,7),
('0985','NOOR MILA ',2,7),
('0986','M. KARIM',2,7),
('0987','SRI ISMAWATI',2,7),
('0988','MARTONO',2,7),
('0989','KHUDIOTUN NAFI\'AH',2,7),
('0990','MAYA ULIFAH F',2,7),
('0991','UNTUNG MARDIYANTO',2,7),
('0992','Bp. YAKOB',2,7),
('0993','PAK DI tahu gimbal',2,7),
('0994','MAS DAVIQ NGECRAK',2,7),
('0995','KISWANTORO',2,7),
('0996','KARYO ACONK',2,7),
('0997','CINK',2,7),
('0998','MARTONO (Pak Ntus)',2,7),
('0999','H. SUDJATNO',2,7),
('1000','Drs H. SUHARI',2,7),
('1001','ALEX FAHMI',2,7),
('1002','MAFTUKHAN',2,7),
('1003','ROFIQ HIDAYAT',2,7),
('1004','FATKHUROHMAN',2,7),
('1005','ROMADHON',2,7),
('1006','ROSYID',2,7),
('1007','FREDDY ARDIYANTO',2,7),
('1008','TULISTIYONO',2,7),
('1009','BAMBANG HUSNI J',2,7),
('1010','SLAMET WIBOWO',2,7),
('1011','SUYADI',2,7),
('1012','SUGIYONO',2,7),
('1013','MBAH GITO',2,7),
('1014','MAS AGUS',2,7),
('1015','DIBYO',2,7),
('1016','SANDUNG',2,7),
('1017','TUGINO BPN',2,7),
('1018','MASTUR BPN',2,7),
('1019','H. TUKIMIN',2,7),
('1020','NOOR ATIFAH',2,7),
('1021','Bp.KARMAN',2,7),
('1022','CHASIN',2,7),
('1023','H. KASRUM',2,7),
('1024','MBAK LASTRI',2,7),
('1025','TEJO EMPAT K',2,7),
('1026','FIKRI ',3,7),
('1027','WAFI BANDAR TRISULA',2,7),
('1028','NAFIS SMK',2,7),
('1029','RISKA SMK',2,7),
('1030','BUDHE NANIK',2,7),
('1031','BUDHE NUNUK',2,7),
('1032','BU IDA (IDAZ DECORATION)',2,7),
('1033','MUQOODAS',2,7),
('1034','IPDA EFENDY',2,7),
('1035','IDA PROVOS',2,7),
('1036','MAS DZAKIR SETARA',2,7),
('1037','ROCHIM SUTOPO',2,7),
('1038','MAS RONDI PANEL',2,7),
('1039','JADI KARYA AC',2,7),
('1040','YONO PONDOK BUNGA',2,7),
('1041','SARYON',2,7),
('1042','H. VICKA',2,7),
('1043','drg. WILDAN',2,7),
('1044','MAS GONO',2,7),
('1045','MAS AFI\' ',2,7);

/*Table structure for table `guest_users` */

DROP TABLE IF EXISTS `guest_users`;

CREATE TABLE `guest_users` (
  `user_username` varchar(30) NOT NULL,
  `user_password` text NOT NULL,
  `user_name` varchar(30) NOT NULL,
  `user_gender` enum('Laki-Laki','Perempuan','-') NOT NULL DEFAULT '-',
  `user_mobile` varchar(13) DEFAULT NULL,
  `user_dept` varchar(50) DEFAULT NULL,
  `user_email` varchar(30) DEFAULT NULL,
  `user_avatar` varchar(100) DEFAULT NULL,
  `user_status` enum('Aktif','Tidak Aktif') NOT NULL DEFAULT 'Aktif',
  `user_level` enum('Admin','Operator') NOT NULL DEFAULT 'Admin',
  `user_date_create` datetime NOT NULL,
  `user_date_update` datetime NOT NULL,
  PRIMARY KEY (`user_username`)
) ENGINE=InnoDB DEFAULT CHARSET=utf8;

/*Data for the table `guest_users` */

insert  into `guest_users`(`user_username`,`user_password`,`user_name`,`user_gender`,`user_mobile`,`user_dept`,`user_email`,`user_avatar`,`user_status`,`user_level`,`user_date_create`,`user_date_update`) values 
('admin','7712fcffc21bb7215f58035ab4506a5873c4af3c','Administrator','Laki-Laki','085640969727','IT Supervisor','it@hotelhomkudus.com','Avatar_admin_1530426351.jpg','Aktif','Admin','0000-00-00 00:00:00','2018-07-01 13:25:51'),
('fadlulloh','3be1dbbb48f0c5ddaac91b001360283081e72f6b','Fadlulloh','Laki-Laki','086776776776','Keluarga','fadlulloh@gmail.com',NULL,'Aktif','Admin','2018-07-01 13:16:30','2018-07-01 13:16:30');

/*Table structure for table `v_arrive` */

DROP TABLE IF EXISTS `v_arrive`;

/*!50001 DROP VIEW IF EXISTS `v_arrive` */;
/*!50001 DROP TABLE IF EXISTS `v_arrive` */;

/*!50001 CREATE TABLE  `v_arrive`(
 `arrive_id` int(10) ,
 `invite_id` int(10) ,
 `arrive_date` date ,
 `arrive_time` time ,
 `arrive_count` int(5) ,
 `arrive_update` datetime ,
 `invite_code` varchar(20) ,
 `table_id` int(2) ,
 `invite_count` int(2) ,
 `family_name` varchar(100) ,
 `family_gender` enum('Laki-Laki','Perempuan','-') ,
 `family_address` varchar(100) ,
 `family_phone` varchar(13) ,
 `table_name` varchar(50) 
)*/;

/*Table structure for table `v_family` */

DROP TABLE IF EXISTS `v_family`;

/*!50001 DROP VIEW IF EXISTS `v_family` */;
/*!50001 DROP TABLE IF EXISTS `v_family` */;

/*!50001 CREATE TABLE  `v_family`(
 `family_id` int(10) ,
 `family_name` varchar(100) ,
 `family_gender` enum('Laki-Laki','Perempuan','-') ,
 `family_address` varchar(100) ,
 `family_phone` varchar(13) ,
 `family_update` datetime 
)*/;

/*Table structure for table `v_invite` */

DROP TABLE IF EXISTS `v_invite`;

/*!50001 DROP VIEW IF EXISTS `v_invite` */;
/*!50001 DROP TABLE IF EXISTS `v_invite` */;

/*!50001 CREATE TABLE  `v_invite`(
 `invite_id` int(10) ,
 `invite_code` varchar(20) ,
 `table_id` int(2) ,
 `family_id` int(10) ,
 `invite_count` int(2) ,
 `invite_update` datetime ,
 `family_name` varchar(100) ,
 `family_gender` enum('Laki-Laki','Perempuan','-') ,
 `family_address` varchar(100) ,
 `family_phone` varchar(13) ,
 `table_name` varchar(50) 
)*/;

/*View structure for view v_arrive */

/*!50001 DROP TABLE IF EXISTS `v_arrive` */;
/*!50001 DROP VIEW IF EXISTS `v_arrive` */;

/*!50001 CREATE ALGORITHM=UNDEFINED DEFINER=`root`@`localhost` SQL SECURITY DEFINER VIEW `v_arrive` AS (select `a`.`arrive_id` AS `arrive_id`,`a`.`invite_id` AS `invite_id`,`a`.`arrive_date` AS `arrive_date`,`a`.`arrive_time` AS `arrive_time`,`a`.`arrive_count` AS `arrive_count`,`a`.`arrive_update` AS `arrive_update`,`i`.`invite_code` AS `invite_code`,`i`.`table_id` AS `table_id`,`i`.`invite_count` AS `invite_count`,`f`.`family_name` AS `family_name`,`f`.`family_gender` AS `family_gender`,`f`.`family_address` AS `family_address`,`f`.`family_phone` AS `family_phone`,`t`.`table_name` AS `table_name` from (((`guest_arrive` `a` join `guest_invite` `i` on((`a`.`invite_id` = `i`.`invite_id`))) join `guest_family` `f` on((`i`.`family_id` = `f`.`family_id`))) join `guest_table` `t` on((`i`.`table_id` = `t`.`table_id`)))) */;

/*View structure for view v_family */

/*!50001 DROP TABLE IF EXISTS `v_family` */;
/*!50001 DROP VIEW IF EXISTS `v_family` */;

/*!50001 CREATE ALGORITHM=UNDEFINED DEFINER=`root`@`localhost` SQL SECURITY DEFINER VIEW `v_family` AS (select `f`.`family_id` AS `family_id`,`f`.`family_name` AS `family_name`,`f`.`family_gender` AS `family_gender`,`f`.`family_address` AS `family_address`,`f`.`family_phone` AS `family_phone`,`f`.`family_update` AS `family_update` from (`guest_family` `f` left join `guest_invite` `i` on((`f`.`family_id` = `i`.`family_id`))) where isnull(`i`.`family_id`)) */;

/*View structure for view v_invite */

/*!50001 DROP TABLE IF EXISTS `v_invite` */;
/*!50001 DROP VIEW IF EXISTS `v_invite` */;

/*!50001 CREATE ALGORITHM=UNDEFINED DEFINER=`root`@`localhost` SQL SECURITY DEFINER VIEW `v_invite` AS (select `i`.`invite_id` AS `invite_id`,`i`.`invite_code` AS `invite_code`,`i`.`table_id` AS `table_id`,`i`.`family_id` AS `family_id`,`i`.`invite_count` AS `invite_count`,`i`.`invite_update` AS `invite_update`,`f`.`family_name` AS `family_name`,`f`.`family_gender` AS `family_gender`,`f`.`family_address` AS `family_address`,`f`.`family_phone` AS `family_phone`,`t`.`table_name` AS `table_name` from ((`guest_invite` `i` join `guest_family` `f` on((`i`.`family_id` = `f`.`family_id`))) join `guest_table` `t` on((`i`.`table_id` = `t`.`table_id`)))) */;

/*!40101 SET SQL_MODE=@OLD_SQL_MODE */;
/*!40014 SET FOREIGN_KEY_CHECKS=@OLD_FOREIGN_KEY_CHECKS */;
/*!40014 SET UNIQUE_CHECKS=@OLD_UNIQUE_CHECKS */;
/*!40111 SET SQL_NOTES=@OLD_SQL_NOTES */;
